--------- beginning of main
09-17 18:15:48.237  8112  8112 I ocatemy.crimeqa: Late-enabling -Xcheck:jni
09-17 18:15:48.267  8112  8112 I ocatemy.crimeqa: Using CollectorTypeCC GC.
09-17 18:15:48.303  8112  8112 D nativeloader: Load libframework-connectivity-tiramisu-jni.so using APEX ns com_android_tethering for caller /apex/com.android.tethering/javalib/framework-connectivity-t.jar: ok
09-17 18:15:48.321  8112  8112 D ActivityThread: setConscryptValidator
09-17 18:15:48.321  8112  8112 D ActivityThread: setConscryptValidator - put
09-17 18:15:48.368  8112  8112 D CompatibilityChangeReporter: Compat change id reported: 171979766; UID 10355; state: ENABLED
09-17 18:15:48.368  8112  8112 D CompatibilityChangeReporter: Compat change id reported: 242716250; UID 10355; state: ENABLED
09-17 18:15:48.380  8112  8112 W ziparchive: Unable to open '/data/app/~~1H9Twmf8eLkHDWI8sJpQ1w==/com.locatemy.crimeqa-c4dlKTIkmiEiyftZlKHHsA==/base.dm': No such file or directory
09-17 18:15:48.380  8112  8112 W ziparchive: Unable to open '/data/app/~~1H9Twmf8eLkHDWI8sJpQ1w==/com.locatemy.crimeqa-c4dlKTIkmiEiyftZlKHHsA==/base.dm': No such file or directory
09-17 18:15:48.508  8112  8112 D nativeloader: Configuring clns-4 for other apk /data/app/~~1H9Twmf8eLkHDWI8sJpQ1w==/com.locatemy.crimeqa-c4dlKTIkmiEiyftZlKHHsA==/base.apk. target_sdk_version=36, uses_libraries=, library_path=/data/app/~~1H9Twmf8eLkHDWI8sJpQ1w==/com.locatemy.crimeqa-c4dlKTIkmiEiyftZlKHHsA==/lib/arm64:/data/app/~~1H9Twmf8eLkHDWI8sJpQ1w==/com.locatemy.crimeqa-c4dlKTIkmiEiyftZlKHHsA==/base.apk!/lib/arm64-v8a, permitted_path=/data:/mnt/expand:/data/user/0/com.locatemy.crimeqa
09-17 18:15:48.522  8112  8112 D nativeloader: Load libframework-connectivity-jni.so using APEX ns com_android_tethering for caller /apex/com.android.tethering/javalib/framework-connectivity.jar: ok
09-17 18:15:48.528  8112  8112 V GraphicsEnvironment: Currently set values for:
09-17 18:15:48.529  8112  8112 V GraphicsEnvironment:   angle_gl_driver_selection_pkgs=[]
09-17 18:15:48.529  8112  8112 V GraphicsEnvironment:   angle_gl_driver_selection_values=[]
09-17 18:15:48.529  8112  8112 V GraphicsEnvironment: ANGLE GameManagerService for com.locatemy.crimeqa: false
09-17 18:15:48.530  8112  8112 V GraphicsEnvironment: com.locatemy.crimeqa is not listed in per-application setting
09-17 18:15:48.530  8112  8112 V GraphicsEnvironment: Updatable production driver is not supported on the device.
09-17 18:15:48.601  8112  8112 D OpenGLRenderer: HWUI - treat SMPTE_170M as sRGB
09-17 18:15:48.611  8112  8159 I AdrenoGLES-0: QUALCOMM build                   : cac6e6f805, I5187d04b75
09-17 18:15:48.611  8112  8159 I AdrenoGLES-0: Build Date                       : 11/22/21
09-17 18:15:48.611  8112  8159 I AdrenoGLES-0: OpenGL ES Shader Compiler Version: EV031.35.01.10
09-17 18:15:48.611  8112  8159 I AdrenoGLES-0: Local Branch                     : 
09-17 18:15:48.611  8112  8159 I AdrenoGLES-0: Remote Branch                    : 
09-17 18:15:48.611  8112  8159 I AdrenoGLES-0: Remote Branch                    : 
09-17 18:15:48.611  8112  8159 I AdrenoGLES-0: Reconstruct Branch               : 
09-17 18:15:48.611  8112  8159 I AdrenoGLES-0: Build Config                     : S P 10.0.7 AArch64
09-17 18:15:48.611  8112  8159 I AdrenoGLES-0: Driver Path                      : /vendor/lib64/egl/libGLESv2_adreno.so
09-17 18:15:48.623  8112  8159 I AdrenoGLES-0: PFP: 0x016dc094, ME: 0x00000000
09-17 18:15:48.743  8112  8193 D FlutterJNI: Beginning load of flutter...
09-17 18:15:48.746  8112  8195 I ResourceExtractor: Resource version mismatch res_timestamp-1-1789640147223
09-17 18:15:48.845  8112  8193 D nativeloader: Load /data/app/~~1H9Twmf8eLkHDWI8sJpQ1w==/com.locatemy.crimeqa-c4dlKTIkmiEiyftZlKHHsA==/base.apk!/lib/arm64-v8a/libflutter.so using ns clns-4 from class loader (caller=/data/app/~~1H9Twmf8eLkHDWI8sJpQ1w==/com.locatemy.crimeqa-c4dlKTIkmiEiyftZlKHHsA==/base.apk): ok
09-17 18:15:48.849  8112  8193 D FlutterJNI: flutter (null) was loaded normally!
09-17 18:15:48.861  8112  8232 D skia    : [SkFontMgr Android Parser] '/product/etc/fonts_customization.xml' could not be opened
09-17 18:15:49.238  8112  8195 I ResourceExtractor: Extracted baseline resource assets/flutter_assets/kernel_blob.bin
09-17 18:15:49.239  8112  8195 I ResourceExtractor: Extracted baseline resource assets/flutter_assets/vm_snapshot_data
09-17 18:15:49.321  8112  8195 I ResourceExtractor: Extracted baseline resource assets/flutter_assets/isolate_snapshot_data
09-17 18:15:49.357  8112  8378 W libc    : Access denied finding property "ro.vendor.mediatek.platform"
09-17 18:15:49.364  8112  8378 D vulkan  : searching for layers in '/data/app/~~1H9Twmf8eLkHDWI8sJpQ1w==/com.locatemy.crimeqa-c4dlKTIkmiEiyftZlKHHsA==/lib/arm64'
09-17 18:15:49.364  8112  8378 D vulkan  : searching for layers in '/data/app/~~1H9Twmf8eLkHDWI8sJpQ1w==/com.locatemy.crimeqa-c4dlKTIkmiEiyftZlKHHsA==/base.apk!/lib/arm64-v8a'
09-17 18:15:49.369  8112  8378 D vulkan  : added global layer 'VK_LAYER_KHRONOS_validation' from library '/data/app/~~1H9Twmf8eLkHDWI8sJpQ1w==/com.locatemy.crimeqa-c4dlKTIkmiEiyftZlKHHsA==/base.apk!/lib/arm64-v8a/libVkLayer_khronos_validation.so'
09-17 18:15:49.373  8112  8378 I AdrenoVK-0: ===== BEGIN DUMP OF OVERRIDDEN SETTINGS =====
09-17 18:15:49.373  8112  8378 I AdrenoVK-0: ===== END DUMP OF OVERRIDDEN SETTINGS =====
09-17 18:15:49.374  8112  8378 I AdrenoVK-0: QUALCOMM build          : cac6e6f805, I5187d04b75
09-17 18:15:49.374  8112  8378 I AdrenoVK-0: Build Date              : 11/22/21
09-17 18:15:49.374  8112  8378 I AdrenoVK-0: Shader Compiler Version : EV031.35.01.10
09-17 18:15:49.374  8112  8378 I AdrenoVK-0: Local Branch            : 
09-17 18:15:49.374  8112  8378 I AdrenoVK-0: Remote Branch           : 
09-17 18:15:49.374  8112  8378 I AdrenoVK-0: Remote Branch           : 
09-17 18:15:49.374  8112  8378 I AdrenoVK-0: Reconstruct Branch      : 
09-17 18:15:49.374  8112  8378 I AdrenoVK-0: Build Config            : S P 10.0.7 AArch64
09-17 18:15:49.374  8112  8378 I AdrenoVK-0: Driver Path             : /vendor/lib64/hw/vulkan.adreno.so
09-17 18:15:49.384  8112  8378 I flutter : [IMPORTANT:flutter/shell/platform/android/android_context_vk_impeller.cc(62)] Using the Impeller rendering backend (Vulkan).
09-17 18:15:49.393  8112  8378 I flutter : [IMPORTANT:flutter/shell/platform/android/android_context_gl_impeller.cc(104)] Using the Impeller rendering backend (OpenGLES).
09-17 18:15:49.595  8112  8415 I flutter : The Dart VM service is listening on http://127.0.0.1:36979/mGmpTNCANlA=/
09-17 18:15:49.708  8112  8112 D nativeloader: Load /data/app/~~1H9Twmf8eLkHDWI8sJpQ1w==/com.locatemy.crimeqa-c4dlKTIkmiEiyftZlKHHsA==/base.apk!/lib/arm64-v8a/libdartjni.so using ns clns-4 from class loader (caller=/data/app/~~1H9Twmf8eLkHDWI8sJpQ1w==/com.locatemy.crimeqa-c4dlKTIkmiEiyftZlKHHsA==/base.apk!classes4.dex): ok
09-17 18:15:49.766  8112  8112 W ocatemy.crimeqa: Accessing hidden method Landroid/view/accessibility/AccessibilityNodeInfo;->getSourceNodeId()J (unsupported,test-api, reflection, allowed)
09-17 18:15:49.766  8112  8112 W ocatemy.crimeqa: Accessing hidden method Landroid/view/accessibility/AccessibilityRecord;->getSourceNodeId()J (unsupported, reflection, allowed)
09-17 18:15:49.766  8112  8112 W ocatemy.crimeqa: Accessing hidden field Landroid/view/accessibility/AccessibilityNodeInfo;->mChildNodeIds:Landroid/util/LongArray; (unsupported, reflection, allowed)
09-17 18:15:49.766  8112  8112 W ocatemy.crimeqa: Accessing hidden method Landroid/util/LongArray;->get(I)J (unsupported, reflection, allowed)
09-17 18:15:49.774  8112  8112 D AccessibilityBridge: Setting not found: accessibility_display_inversion_enabled, using default: 0
09-17 18:15:49.795  8112  8112 D FlutterRenderer: Width is zero. 0,0
09-17 18:15:49.805  8112  8112 I DecorView: setWindowBackground: isPopOver=false color=ff000000 d=android.graphics.drawable.ColorDrawable@339cef6
09-17 18:15:49.818  8112  8112 D CompatibilityChangeReporter: Compat change id reported: 237531167; UID 10355; state: DISABLED
09-17 18:15:49.822  8112  8159 D NativeCustomFrequencyManager: [NativeCFMS] BpCustomFrequencyManager::BpCustomFrequencyManager()
09-17 18:15:49.839  8112  8112 I InsetsController: onStateChanged: host=com.locatemy.crimeqa/com.locatemy.app.MainActivity, from=android.view.ViewRootImpl.setView:1753, state=InsetsState: {mDisplayFrame=Rect(0, 0 - 1080, 2400), mDisplayCutout=DisplayCutout{insets=Rect(0, 88 - 0, 0) waterfall=Insets{left=0, top=0, right=0, bottom=0} boundingRect={Bounds=[Rect(0, 0 - 0, 0), Rect(512, 0 - 568, 88), Rect(0, 0 - 0, 0), Rect(0, 0 - 0, 0)]} cutoutPathParserInfo={CutoutPathParserInfo{displayWidth=1080 displayHeight=2400 physicalDisplayWidth=1080 physicalDisplayHeight=2400 density={2.8125} cutoutSpec={M 0,0 M 0,11.43427858034597 a 9.899054752987353,9.899054752987353 0 1,0 0,19.79810950597471 a 9.899054752987353,9.899054752987353 0 1,0 0,-19.79810950597471 Z @dp} rotation={0} scale={1.0} physicalPixelDisplaySizeRatio={1.0}}}}, mRoundedCorners=RoundedCorners{[RoundedCorner{position=TopLeft, radius=0, center=Point(0, 0)}, RoundedCorner{position=TopRight, radius=0, center=Point(0, 0)}, RoundedCorner{position=BottomRight, radius=0, center=Point(0, 0)}, RoundedCorner{position=BottomLeft, radius=0, center=Point(0, 0)}]}  mRoundedCornerFrame=Rect(0, 0 - 1080, 2400), mPrivacyIndicatorBounds=PrivacyIndicatorBounds {static bounds=Rect(956, 0 - 1080, 88) rotation=0}, mDisplayShape=DisplayShape{ spec=-311912193 displayWidth=1080 displayHeight=2400 physicalPixelDisplaySizeRatio=1.0 rotation=0 offsetX=0 offsetY=0 scale=1.0}, mSources= { InsetsSource: {27 mType=displayCutout mFrame=[0,0][1080,88] mVisible=true mFlags=[]}, InsetsSource: {23820000 mType=statusBars mFrame=[0,0][1080,88] mVisible=true mFlags=[]}, InsetsSource: {23820005 mType=mandatorySystemGestures mFrame=[0,0][1080,122] mVisible=true mFlags=[]}, InsetsSource: {23820006 mType=tappableElement mFrame=[0,0][1080,88] mVisible=true mFlags=[]}, InsetsSource: {37b40001 mType=navigationBars mFrame=[0,2265][1080,2400] mVisible=true mFlags=[]}, InsetsSource: {37b40004 mType=systemGestures mFrame=[0,0][0,0] mVisible=true mFlags=[]}, InsetsSource: {37b40005 mType=mandatorySystemGestures mFrame=[0,2265][1080,2400] mVisible=true mFlags=[]}, InsetsSource: {37b40006 mType=tappableElement mFrame=[0,2265][1080,2400] mVisible=true mFlags=[]}, InsetsSource: {37b40024 mType=systemGestures mFrame=[0,0][0,0] mVisible=true mFlags=[]} }
09-17 18:15:49.842  8112  8112 I ViewRootImpl@bdf564[MainActivity]: synced displayState. AttachInfo displayState=2
09-17 18:15:49.845  8112  8112 I ViewRootImpl@bdf564[MainActivity]: setView = com.android.internal.policy.DecorView@81703d0 TM=true
09-17 18:15:49.845  8112  8112 I IDS_TAG : Starting IDS observe window
09-17 18:15:49.846  8112  8112 I IDS_TAG : Getting Shared Preference for android.app.Application@7d62fc9 uid = 10355
09-17 18:15:49.848  8112  8112 I IDS_TAG : App android.app.Application@7d62fc9 has not finished training
09-17 18:15:50.252  8112  8112 I IDS_TAG : Closing IDS observe window
09-17 18:15:50.253  8112  8112 I IDS_TAG : Getting Shared Preference for android.app.Application@7d62fc9 uid = 10355
09-17 18:15:50.253  8112  8112 I IDS_TAG : IDS count updated to 1 for android.app.Application@7d62fc9
09-17 18:15:50.253  8112  8112 I Choreographer: Skipped 48 frames!  The application may be doing too much work on its main thread.
09-17 18:15:50.304  8112  8112 I SurfaceView@c88c846: onWindowVisibilityChanged(0) true io.flutter.embedding.android.FlutterSurfaceView{c88c846 V.E...... ......I. 0,0-0,0} of ViewRootImpl@bdf564[MainActivity]
09-17 18:15:50.304  8112  8112 D SurfaceView@c88c846: 210290758 updateSurface: has no frame
09-17 18:15:50.306  8112  8112 D FlutterRenderer: Width is zero. 0,0
09-17 18:15:50.312  8112  8136 I ocatemy.crimeqa: Compiler allocated 6937KB to compile void android.view.ViewRootImpl.performTraversals()
09-17 18:15:50.324  8112  8112 I BufferQueueProducer: [](id:1fb000000000,api:0,p:339758112,c:8112) setDequeueTimeout:2077252342
09-17 18:15:50.324  8112  8112 I BLASTBufferQueue_Java: new BLASTBufferQueue, mName= ViewRootImpl@bdf564[MainActivity] mNativeObject= 0xb400007153a2b710 sc.mNativeObject= 0xb4000070c3a228d0 caller= android.view.ViewRootImpl.updateBlastSurfaceIfNeeded:3028 android.view.ViewRootImpl.relayoutWindow:10131 android.view.ViewRootImpl.performTraversals:4110 android.view.ViewRootImpl.doTraversal:3288 android.view.ViewRootImpl$TraversalRunnable.run:11344 android.view.Choreographer$CallbackRecord.run:1689 android.view.Choreographer$CallbackRecord.run:1698 android.view.Choreographer.doCallbacks:1153 android.view.Choreographer.doFrame:1079 android.view.Choreographer$FrameDisplayEventReceiver.run:1646 
09-17 18:15:50.324  8112  8112 I BLASTBufferQueue_Java: update, w= 1080 h= 2400 mName = ViewRootImpl@bdf564[MainActivity] mNativeObject= 0xb400007153a2b710 sc.mNativeObject= 0xb4000070c3a228d0 format= -3 caller= android.graphics.BLASTBufferQueue.<init>:89 android.view.ViewRootImpl.updateBlastSurfaceIfNeeded:3028 android.view.ViewRootImpl.relayoutWindow:10131 android.view.ViewRootImpl.performTraversals:4110 android.view.ViewRootImpl.doTraversal:3288 android.view.ViewRootImpl$TraversalRunnable.run:11344 
09-17 18:15:50.325  8112  8112 I ViewRootImpl@bdf564[MainActivity]: Relayout returned: old=(0,0,1080,2400) new=(0,0,1080,2400) relayoutAsync=false req=(1080,2400)0 dur=10 res=0x403 s={true 0xb400006ff3a57210} ch=true seqId=0
09-17 18:15:50.326  8112  8112 I ViewRootImpl@bdf564[MainActivity]: performConfigurationChange setNightDimText nightDimLevel=0
09-17 18:15:50.326  8112  8112 D ViewRootImpl@bdf564[MainActivity]: mThreadedRenderer.initialize() mSurface={isValid=true 0xb400006ff3a57210} hwInitialized=true
09-17 18:15:50.327  8112  8112 D FlutterJNI: Sending viewport metrics to the engine.
09-17 18:15:50.331  8112  8112 D SurfaceView@c88c846: 210290758 updateSurface: has no frame
09-17 18:15:50.332  8112  8112 I SurfaceView@c88c846: windowStopped(false) true io.flutter.embedding.android.FlutterSurfaceView{c88c846 V.E...... ......ID 0,0-1080,2265} of ViewRootImpl@bdf564[MainActivity]
09-17 18:15:50.332  8112  8112 D SurfaceView@c88c846: 210290758 updateSurface: has no frame
09-17 18:15:50.333  8112  8112 D ViewRootImpl@bdf564[MainActivity]: reportNextDraw android.view.ViewRootImpl.performTraversals:4718 android.view.ViewRootImpl.doTraversal:3288 android.view.ViewRootImpl$TraversalRunnable.run:11344 android.view.Choreographer$CallbackRecord.run:1689 android.view.Choreographer$CallbackRecord.run:1698 
09-17 18:15:50.333  8112  8112 I SurfaceView: 210290758 Changes: creating=true format=true size=true visible=true alpha=false hint=false visible=true left=true top=true z=false attached=true lifecycleStrategy=false
09-17 18:15:50.335  8112  8112 I BufferQueueProducer: [](id:1fb000000001,api:0,p:1718773108,c:8112) setDequeueTimeout:2077252342
09-17 18:15:50.336  8112  8112 I BLASTBufferQueue_Java: update, w= 1080 h= 2265 mName = null mNativeObject= 0xb400007153a2c070 sc.mNativeObject= 0xb4000070c3a22ed0 format= 4 caller= android.view.SurfaceView.createBlastSurfaceControls:1517 android.view.SurfaceView.updateSurface:1193 android.view.SurfaceView.lambda$new$0:258 android.view.SurfaceView.$r8$lambda$cm3nmzErr-srXoT_KjIYQgdhFN0:0 android.view.SurfaceView$$ExternalSyntheticLambda2.onPreDraw:2 android.view.ViewTreeObserver.dispatchOnPreDraw:1204 
09-17 18:15:50.336  8112  8112 I SurfaceView@c88c846: 210290758 Cur surface: Surface(name=null)/@0x370aa30
09-17 18:15:50.337  8112  8112 I SurfaceView@c88c846: pST: sr = Rect(0, 0 - 1080, 2265) sw = 1080 sh = 2265
09-17 18:15:50.337  8112  8112 D SurfaceView@c88c846: 210290758 performSurfaceTransaction RenderWorker position = [0, 0, 1080, 2265] surfaceSize = 1080x2265
09-17 18:15:50.337  8112  8112 I SurfaceView@c88c846: updateSurface: mVisible = true mSurface.isValid() = true
09-17 18:15:50.337  8112  8112 I SurfaceView@c88c846: updateSurface: mSurfaceCreated = false surfaceChanged = true visibleChanged = true
09-17 18:15:50.337  8112  8112 I SurfaceView: 210290758 visibleChanged -- surfaceCreated
09-17 18:15:50.337  8112  8112 I SurfaceView@c88c846: surfaceCreated 1 #8 io.flutter.embedding.android.FlutterSurfaceView{c88c846 V.E...... ......ID 0,0-1080,2265}
09-17 18:15:51.089  8112  8112 I SurfaceView: 210290758 surfaceChanged -- format=4 w=1080 h=2265
09-17 18:15:51.089  8112  8112 I SurfaceView@c88c846: surfaceChanged (1080,2265) 1 #8 io.flutter.embedding.android.FlutterSurfaceView{c88c846 V.E...... ......ID 0,0-1080,2265}
09-17 18:15:51.090  8112  8112 I SurfaceView: 210290758 surfaceRedrawNeeded
09-17 18:15:51.090  8112  8112 V SurfaceView@c88c846: Layout: x=0 y=0 w=1080 h=2265, frame=Rect(0, 0 - 1080, 2265)
09-17 18:15:51.193  8112  8112 I flutter : supabase.supabase_flutter: INFO: ***** Supabase init completed ***** 
09-17 18:15:51.197  8112  8159 D OpenGLRenderer: HWUI - treat SMPTE_170M as sRGB
09-17 18:15:51.208  8112  8112 I Choreographer: Skipped 108 frames!  The application may be doing too much work on its main thread.
09-17 18:15:51.251  8112  8112 I InsetsSourceConsumer: applyRequestedVisibilityToControl: visible=true, type=navigationBars, host=com.locatemy.crimeqa/com.locatemy.app.MainActivity
09-17 18:15:51.252  8112  8112 I InsetsSourceConsumer: applyRequestedVisibilityToControl: visible=true, type=statusBars, host=com.locatemy.crimeqa/com.locatemy.app.MainActivity
09-17 18:15:51.258  8112  8112 D FlutterJNI: Sending viewport metrics to the engine.
09-17 18:15:53.113  8112  8378 I BLASTBufferQueue: [SurfaceView[com.locatemy.crimeqa/com.locatemy.app.MainActivity]@0#1](f:0,a:0,s:0) onFrameAvailable the first frame is available
09-17 18:15:53.248  8112  8112 I Choreographer: Skipped 233 frames!  The application may be doing too much work on its main thread.
09-17 18:15:53.250  8112  8112 I SurfaceView: 210290758 finishedDrawing
09-17 18:15:53.394  8112  8112 I BLASTBufferQueue_Java: update, w= 1080 h= 2400 mName = ViewRootImpl@bdf564[MainActivity] mNativeObject= 0xb400007153a2b710 sc.mNativeObject= 0xb4000070c3a2acd0 format= -3 caller= android.view.ViewRootImpl.updateBlastSurfaceIfNeeded:3017 android.view.ViewRootImpl.relayoutWindow:10131 android.view.ViewRootImpl.performTraversals:4110 android.view.ViewRootImpl.doTraversal:3288 android.view.ViewRootImpl$TraversalRunnable.run:11344 android.view.Choreographer$CallbackRecord.run:1689 
09-17 18:15:53.395  8112  8112 I ViewRootImpl@bdf564[MainActivity]: Relayout returned: old=(0,0,1080,2400) new=(0,0,1080,2400) relayoutAsync=false req=(1080,2400)0 dur=7 res=0x401 s={true 0xb400006ff3a57210} ch=false seqId=0
09-17 18:15:53.395  8112  8112 D FlutterJNI: Sending viewport metrics to the engine.
09-17 18:15:53.397  8112  8112 I ViewRootImpl@bdf564[MainActivity]: updateBoundsLayer: t=android.view.SurfaceControl$Transaction@39d3eb7 sc=Surface(name=Bounds for - com.locatemy.crimeqa/com.locatemy.app.MainActivity@0)/@0xb99a624 frame=1
09-17 18:15:53.397  8112  8112 D ViewRootImpl@bdf564[MainActivity]: reportNextDraw android.view.ViewRootImpl.performTraversals:4718 android.view.ViewRootImpl.doTraversal:3288 android.view.ViewRootImpl$TraversalRunnable.run:11344 android.view.Choreographer$CallbackRecord.run:1689 android.view.Choreographer$CallbackRecord.run:1698 
09-17 18:15:53.398  8112  8112 I ViewRootImpl@bdf564[MainActivity]: Setup new sync=wmsSync-ViewRootImpl@bdf564[MainActivity]#1
09-17 18:15:53.398  8112  8112 I ViewRootImpl@bdf564[MainActivity]: Creating new active sync group ViewRootImpl@bdf564[MainActivity]#2
09-17 18:15:53.399  8112  8112 I ViewRootImpl@bdf564[MainActivity]: registerCallbacksForSync syncBuffer=false
09-17 18:15:53.401  8112  8159 D SurfaceView: 210290758 updateSurfacePosition RenderWorker, frameNr = 1, position = [0, 0, 1080, 2265] surfaceSize = 1080x2265
09-17 18:15:53.401  8112  8159 I SurfaceView@c88c846: uSP: rtp = Rect(0, 0 - 1080, 2265) rtsw = 1080 rtsh = 2265
09-17 18:15:53.401  8112  8159 I SurfaceView@c88c846: onSSPAndSRT: pl = 0 pt = 0 sx = 1.0 sy = 1.0
09-17 18:15:53.401  8112  8159 I SurfaceView@c88c846: aOrMT: ViewRootImpl@bdf564[MainActivity] t = android.view.SurfaceControl$Transaction@e9ae342 fN = 1 android.view.SurfaceView.-$$Nest$mapplyOrMergeTransaction:0 android.view.SurfaceView$SurfaceViewPositionUpdateListener.positionChanged:1666 android.graphics.RenderNode$CompositePositionUpdateListener.positionChanged:369 
09-17 18:15:53.401  8112  8159 I ViewRootImpl@bdf564[MainActivity]: mWNT: t=0xb400007123a36770 mBlastBufferQueue=0xb400007153a2b710 fn= 1 mRenderHdrSdrRatio=1.0 caller= android.view.SurfaceView.applyOrMergeTransaction:1598 android.view.SurfaceView.-$$Nest$mapplyOrMergeTransaction:0 android.view.SurfaceView$SurfaceViewPositionUpdateListener.positionChanged:1666 
09-17 18:15:53.402  8112  8558 I ViewRootImpl@bdf564[MainActivity]: Received frameDrawingCallback syncResult=0 frameNum=1.
09-17 18:15:53.403  8112  8558 I ViewRootImpl@bdf564[MainActivity]: mWNT: t=0xb400007123a4b2d0 mBlastBufferQueue=0xb400007153a2b710 fn= 1 mRenderHdrSdrRatio=1.0 caller= android.view.ViewRootImpl$8.onFrameDraw:13841 android.view.ThreadedRenderer$1.onFrameDraw:792 <bottom of call stack> 
09-17 18:15:53.403  8112  8558 I ViewRootImpl@bdf564[MainActivity]: Setting up sync and frameCommitCallback
09-17 18:15:53.420  8112  8159 I BLASTBufferQueue: [ViewRootImpl@bdf564[MainActivity]#0](f:0,a:0,s:0) onFrameAvailable the first frame is available
09-17 18:15:53.420  8112  8159 I ViewRootImpl@bdf564[MainActivity]: Received frameCommittedCallback lastAttemptedDrawFrameNum=1 didProduceBuffer=true
09-17 18:15:53.421  8112  8159 D OpenGLRenderer: CFMS:: SetUp Pid : 8112    Tid : 8159
09-17 18:15:53.421  8112  8112 I ViewRootImpl@bdf564[MainActivity]: reportDrawFinished seqId=0
09-17 18:15:53.465  8112  8112 I ViewRootImpl@bdf564[MainActivity]: handleWindowFocusChanged: 1 0 call from android.view.ViewRootImpl.-$$Nest$mhandleWindowFocusChanged:0
09-17 18:15:53.465  8112  8112 D ViewRootImpl@bdf564[MainActivity]: mThreadedRenderer.initializeIfNeeded()#2 mSurface={isValid=true 0xb400006ff3a57210}
09-17 18:15:53.466  8112  8112 D InputMethodManagerUtils: startInputInner - Id : 0
09-17 18:15:53.466  8112  8112 I InputMethodManager: startInputInner - IInputMethodManagerGlobalInvoker.startInputOrWindowGainedFocus
09-17 18:15:53.490  8112  8112 D InputMethodManagerUtils: startInputInner - Id : 0
09-17 18:15:53.502  8112  8112 I InsetsController: onStateChanged: host=com.locatemy.crimeqa/com.locatemy.app.MainActivity, from=android.view.ViewRootImpl$ViewRootHandler.handleMessageImpl:7209, state=InsetsState: {mDisplayFrame=Rect(0, 0 - 1080, 2400), mDisplayCutout=DisplayCutout{insets=Rect(0, 88 - 0, 0) waterfall=Insets{left=0, top=0, right=0, bottom=0} boundingRect={Bounds=[Rect(0, 0 - 0, 0), Rect(512, 0 - 568, 88), Rect(0, 0 - 0, 0), Rect(0, 0 - 0, 0)]} cutoutPathParserInfo={CutoutPathParserInfo{displayWidth=1080 displayHeight=2400 physicalDisplayWidth=1080 physicalDisplayHeight=2400 density={2.8125} cutoutSpec={M 0,0 M 0,11.43427858034597 a 9.899054752987353,9.899054752987353 0 1,0 0,19.79810950597471 a 9.899054752987353,9.899054752987353 0 1,0 0,-19.79810950597471 Z @dp} rotation={0} scale={1.0} physicalPixelDisplaySizeRatio={1.0}}}}, mRoundedCorners=RoundedCorners{[RoundedCorner{position=TopLeft, radius=0, center=Point(0, 0)}, RoundedCorner{position=TopRight, radius=0, center=Point(0, 0)}, RoundedCorner{position=BottomRight, radius=0, center=Point(0, 0)}, RoundedCorner{position=BottomLeft, radius=0, center=Point(0, 0)}]}  mRoundedCornerFrame=Rect(0, 0 - 1080, 2400), mPrivacyIndicatorBounds=PrivacyIndicatorBounds {static bounds=Rect(956, 0 - 1080, 88) rotation=0}, mDisplayShape=DisplayShape{ spec=-311912193 displayWidth=1080 displayHeight=2400 physicalPixelDisplaySizeRatio=1.0 rotation=0 offsetX=0 offsetY=0 scale=1.0}, mSources= { InsetsSource: {3 mType=ime mFrame=[0,0][0,0] mVisible=false mFlags=[]}, InsetsSource: {27 mType=displayCutout mFrame=[0,0][1080,88] mVisible=true mFlags=[]}, InsetsSource: {23820000 mType=statusBars mFrame=[0,0][1080,88] mVisible=true mFlags=[]}, InsetsSource: {23820005 mType=mandatorySystemGestures mFrame=[0,0][1080,122] mVisible=true mFlags=[]}, InsetsSource: {23820006 mType=tappableElement mFrame=[0,0][1080,88] mVisible=true mFlags=[]}, InsetsSource: {37b40001 mType=navigationBars mFrame=[0,2265][1080,2400] mVisible=true mFlags=[]}, InsetsSource: {37b40004 mType=systemGestures mFrame=[0,0][0,0] mVisible=true mFlags=[]}, InsetsSource: {37b40005 mType=mandatorySystemGestures mFrame=[0,2265][1080,2400] mVisible=true mFlags=[]}, InsetsSource: {37b40006 mType=tappableElement mFrame=[0,2265][1080,2400] mVisible=true mFlags=[]}, InsetsSource: {37b40024 mType=systemGestures mFrame=[0,0][0,0] mVisible=true mFlags=[]} }
09-17 18:15:53.503  8112  8112 I InsetsSourceConsumer: applyRequestedVisibilityToControl: visible=false, type=ime, host=com.locatemy.crimeqa/com.locatemy.app.MainActivity
09-17 18:15:53.831  8112  8112 I flutter : CRIME_DEVICE: REAL_SIGNED_IN
09-17 18:15:54.295  8112  8112 I flutter : [38;5;12m┌───────────────────────────────────────────────────────────────────────────────────────────────────────────────────────[0m
09-17 18:15:54.295  8112  8112 I flutter : [38;5;12m│ 💡 [1m[3mflutter_map[0m[0m
09-17 18:15:54.295  8112  8112 I flutter : [38;5;12m│ 💡 flutter_map wants to help keep map data available for everyone.[0m
09-17 18:15:54.295  8112  8112 I flutter : [38;5;12m│ 💡 We use the OpenStreetMap public tile servers in our code examples & demo app,[0m
09-17 18:15:54.295  8112  8112 I flutter : [38;5;12m│ 💡 but they are NOT free to use by everyone. Please review whether OSM's tile[0m
09-17 18:15:54.295  8112  8112 I flutter : [38;5;12m│ 💡 servers are appropriate and the best choice for your app.[0m
09-17 18:15:54.295  8112  8112 I flutter : [38;5;12m│ 💡 See:[0m
09-17 18:15:54.295  8112  8112 I flutter : [38;5;12m│ 💡  * https://operations.osmfoundation.org/policies/tiles (OSM Tile Usage Policy)[0m
09-17 18:15:54.295  8112  8112 I flutter : [38;5;12m│ 💡  * https://docs.fleaflet.dev/osm-warn for more information about this warning[0m
09-17 18:15:54.295  8112  8112 I flutter : [38;5;12m└───────────────────────────────────────────────────────────────────────────────────────────────────────────────────────[0m
09-17 18:15:55.158  8112  8112 I flutter : {"event":"map.load_saved.completed","feature":"map_location","result":"permissionDenied","duration_bucket":"under10s","correlation_id":"map-1"}
09-17 18:15:55.329  8112  8572 D ProfileInstaller: Installing profile for com.locatemy.crimeqa
09-17 18:15:56.583  8112  8112 I flutter : {"event":"home.load.completed","feature":"home_relocation_outlook","result":"fresh","duration_bucket":"under10s","correlation_id":"home-1"}
09-17 18:15:56.704  8112  8112 I flutter : {"event":"map.layer.completed","feature":"map_location","result":"success","duration_bucket":"under10s","correlation_id":"map-2"}
09-17 18:15:58.795  8112  8139 W ocatemy.crimeqa: ApkAssets: Deleting an ApkAssets object '<empty> and /system/app/DictDiotekForSec/DictDiotekForSec.apk' with 1 weak references
09-17 18:15:58.795  8112  8139 W ocatemy.crimeqa: ApkAssets: Deleting an ApkAssets object '<empty> and /data/app/~~rl2LcD0F28viYZfU6DdS7Q==/com.google.android.googlequicksearchbox-Nx-8Z67NvD9SL5dZL8cdbQ==/base.apk' with 1 weak references
09-17 18:15:58.796  8112  8139 W ocatemy.crimeqa: ApkAssets: Deleting an ApkAssets object '<empty> and /data/app/~~rl2LcD0F28viYZfU6DdS7Q==/com.google.android.googlequicksearchbox-Nx-8Z67NvD9SL5dZL8cdbQ==/split_config.xxhdpi.apk' with 1 weak references
09-17 18:15:58.796  8112  8139 W ocatemy.crimeqa: ApkAssets: Deleting an ApkAssets object '<empty> and /data/app/~~rl2LcD0F28viYZfU6DdS7Q==/com.google.android.googlequicksearchbox-Nx-8Z67NvD9SL5dZL8cdbQ==/split_lens_ondevice_engine_play_ml_module.apk' with 1 weak references
09-17 18:15:59.739  8112  8112 I ViewRootImpl@bdf564[MainActivity]: ViewPostIme pointer 0
09-17 18:15:59.826  8112  8112 I ViewRootImpl@bdf564[MainActivity]: ViewPostIme pointer 1
09-17 18:15:59.991  8112  8112 W WindowOnBackDispatcher: OnBackInvokedCallback is not enabled for the application.
09-17 18:15:59.991  8112  8112 W WindowOnBackDispatcher: Set 'android:enableOnBackInvokedCallback="true"' in the application manifest.
09-17 18:16:02.859  8112  8112 I ViewRootImpl@bdf564[MainActivity]: ViewPostIme pointer 0
09-17 18:16:02.876  8112  8112 I ViewRootImpl@bdf564[MainActivity]: ViewPostIme pointer 1
09-17 18:16:05.886  8112  8112 I ViewRootImpl@bdf564[MainActivity]: ViewPostIme pointer 0
09-17 18:16:05.891  8112  8112 I ViewRootImpl@bdf564[MainActivity]: ViewPostIme pointer 1
09-17 18:16:06.012  8112  8112 I InputMethodManager_LC: showSoftInput(View,I)
09-17 18:16:06.013  8112  8112 I ImeTracker: com.locatemy.crimeqa:d50a62d5: onRequestShow at ORIGIN_CLIENT_SHOW_SOFT_INPUT reason SHOW_SOFT_INPUT
09-17 18:16:06.014  8112  8112 I InputMethodManager_LC: ssi(): flags=0 view=com.locatemy.crimeqa reason = SHOW_SOFT_INPUT
09-17 18:16:06.014  8112  8112 I InputMethodManager_LC: ssi() view is not EditText
09-17 18:16:06.017  8112  8112 D InputMethodManagerUtils: startInputInner - Id : 0
09-17 18:16:06.017  8112  8112 I InputMethodManager: startInputInner - IInputMethodManagerGlobalInvoker.startInputOrWindowGainedFocus
09-17 18:16:06.020  8112  8112 D InputMethodManager: showSoftInput() view=io.flutter.embedding.android.FlutterView{cdd8cad VFE...... .F....ID 0,0-1080,2265 #1 aid=1073741824} flags=0 reason=SHOW_SOFT_INPUT
09-17 18:16:06.050  8112  8112 I AssistStructure: Flattened final assist data: 380 bytes, containing 1 windows, 3 views
09-17 18:16:06.087  8112  8112 D InputConnectionAdaptor: The input method toggled cursor monitoring on
09-17 18:16:06.100  8112  8112 I InsetsController: onStateChanged: host=com.locatemy.crimeqa/com.locatemy.app.MainActivity, from=android.view.ViewRootImpl$ViewRootHandler.handleMessageImpl:7209, state=InsetsState: {mDisplayFrame=Rect(0, 0 - 1080, 2400), mDisplayCutout=DisplayCutout{insets=Rect(0, 88 - 0, 0) waterfall=Insets{left=0, top=0, right=0, bottom=0} boundingRect={Bounds=[Rect(0, 0 - 0, 0), Rect(512, 0 - 568, 88), Rect(0, 0 - 0, 0), Rect(0, 0 - 0, 0)]} cutoutPathParserInfo={CutoutPathParserInfo{displayWidth=1080 displayHeight=2400 physicalDisplayWidth=1080 physicalDisplayHeight=2400 density={2.8125} cutoutSpec={M 0,0 M 0,11.43427858034597 a 9.899054752987353,9.899054752987353 0 1,0 0,19.79810950597471 a 9.899054752987353,9.899054752987353 0 1,0 0,-19.79810950597471 Z @dp} rotation={0} scale={1.0} physicalPixelDisplaySizeRatio={1.0}}}}, mRoundedCorners=RoundedCorners{[RoundedCorner{position=TopLeft, radius=0, center=Point(0, 0)}, RoundedCorner{position=TopRight, radius=0, center=Point(0, 0)}, RoundedCorner{position=BottomRight, radius=0, center=Point(0, 0)}, RoundedCorner{position=BottomLeft, radius=0, center=Point(0, 0)}]}  mRoundedCornerFrame=Rect(0, 0 - 1080, 2400), mPrivacyIndicatorBounds=PrivacyIndicatorBounds {static bounds=Rect(956, 0 - 1080, 88) rotation=0}, mDisplayShape=DisplayShape{ spec=-311912193 displayWidth=1080 displayHeight=2400 physicalPixelDisplaySizeRatio=1.0 rotation=0 offsetX=0 offsetY=0 scale=1.0}, mSources= { InsetsSource: {3 mType=ime mFrame=[0,2265][1080,2400] mVisible=false mFlags=[]}, InsetsSource: {27 mType=displayCutout mFrame=[0,0][1080,88] mVisible=true mFlags=[]}, InsetsSource: {23820000 mType=statusBars mFrame=[0,0][1080,88] mVisible=true mFlags=[]}, InsetsSource: {23820005 mType=mandatorySystemGestures mFrame=[0,0][1080,122] mVisible=true mFlags=[]}, InsetsSource: {23820006 mType=tappableElement mFrame=[0,0][1080,88] mVisible=true mFlags=[]}, InsetsSource: {37b40001 mType=navigationBars mFrame=[0,2265][1080,2400] mVisible=true mFlags=[]}, InsetsSource: {37b40004 mType=systemGestures mFrame=[0,0][0,0] mVisible=true mFlags=[]}, InsetsSource: {37b40005 mType=mandatorySystemGestures mFrame=[0,2265][1080,2400] mVisible=true mFlags=[]}, InsetsSource: {37b40006 mType=tappableElement mFrame=[0,2265][1080,2400] mVisible=true mFlags=[]}, InsetsSource: {37b40024 mType=systemGestures mFrame=[0,0][0,0] mVisible=true mFlags=[]} }
09-17 18:16:06.100  8112  8112 I InsetsSourceConsumer: applyRequestedVisibilityToControl: visible=false, type=ime, host=com.locatemy.crimeqa/com.locatemy.app.MainActivity
09-17 18:16:06.102  8112  8147 I ViewRootImpl@bdf564[MainActivity]: Resizing android.view.ViewRootImpl@8af20c2: frame = [0,0][1080,2400] reportDraw = false forceLayout = false syncSeqId = -1
09-17 18:16:06.103  8112  8112 I ViewRootImpl@bdf564[MainActivity]: handleResized, msg = 4 frames=ClientWindowFrames{frame=[0,0][1080,2400] display=[0,0][1080,2400] parentFrame=[0,0][0,0]} forceNextWindowRelayout=false displayId=0 dragResizing=false compatScale=1.0 frameChanged=false attachedFrameChanged=false configChanged=false displayChanged=false compatScaleChanged=false
09-17 18:16:06.115  8112  8112 I InsetsController: onStateChanged: host=com.locatemy.crimeqa/com.locatemy.app.MainActivity, from=android.view.ViewRootImpl$ViewRootHandler.handleMessageImpl:7209, state=InsetsState: {mDisplayFrame=Rect(0, 0 - 1080, 2400), mDisplayCutout=DisplayCutout{insets=Rect(0, 88 - 0, 0) waterfall=Insets{left=0, top=0, right=0, bottom=0} boundingRect={Bounds=[Rect(0, 0 - 0, 0), Rect(512, 0 - 568, 88), Rect(0, 0 - 0, 0), Rect(0, 0 - 0, 0)]} cutoutPathParserInfo={CutoutPathParserInfo{displayWidth=1080 displayHeight=2400 physicalDisplayWidth=1080 physicalDisplayHeight=2400 density={2.8125} cutoutSpec={M 0,0 M 0,11.43427858034597 a 9.899054752987353,9.899054752987353 0 1,0 0,19.79810950597471 a 9.899054752987353,9.899054752987353 0 1,0 0,-19.79810950597471 Z @dp} rotation={0} scale={1.0} physicalPixelDisplaySizeRatio={1.0}}}}, mRoundedCorners=RoundedCorners{[RoundedCorner{position=TopLeft, radius=0, center=Point(0, 0)}, RoundedCorner{position=TopRight, radius=0, center=Point(0, 0)}, RoundedCorner{position=BottomRight, radius=0, center=Point(0, 0)}, RoundedCorner{position=BottomLeft, radius=0, center=Point(0, 0)}]}  mRoundedCornerFrame=Rect(0, 0 - 1080, 2400), mPrivacyIndicatorBounds=PrivacyIndicatorBounds {static bounds=Rect(956, 0 - 1080, 88) rotation=0}, mDisplayShape=DisplayShape{ spec=-311912193 displayWidth=1080 displayHeight=2400 physicalPixelDisplaySizeRatio=1.0 rotation=0 offsetX=0 offsetY=0 scale=1.0}, mSources= { InsetsSource: {3 mType=ime mFrame=[0,1548][1080,2400] mVisible=false mFlags=[]}, InsetsSource: {27 mType=displayCutout mFrame=[0,0][1080,88] mVisible=true mFlags=[]}, InsetsSource: {23820000 mType=statusBars mFrame=[0,0][1080,88] mVisible=true mFlags=[]}, InsetsSource: {23820005 mType=mandatorySystemGestures mFrame=[0,0][1080,122] mVisible=true mFlags=[]}, InsetsSource: {23820006 mType=tappableElement mFrame=[0,0][1080,88] mVisible=true mFlags=[]}, InsetsSource: {37b40001 mType=navigationBars mFrame=[0,2265][1080,2400] mVisible=true mFlags=[]}, InsetsSource: {37b40004 mType=systemGestures mFrame=[0,0][0,0] mVisible=true mFlags=[]}, InsetsSource: {37b40005 mType=mandatorySystemGestures mFrame=[0,2265][1080,2400] mVisible=true mFlags=[]}, InsetsSource: {37b40006 mType=tappableElement mFrame=[0,2265][1080,2400] mVisible=true mFlags=[]}, InsetsSource: {37b40024 mType=systemGestures mFrame=[0,0][0,0] mVisible=true mFlags=[]} }
09-17 18:16:06.115  8112  8147 I ViewRootImpl@bdf564[MainActivity]: Resizing android.view.ViewRootImpl@8af20c2: frame = [0,0][1080,2400] reportDraw = false forceLayout = false syncSeqId = -1
09-17 18:16:06.116  8112  8112 I InsetsSourceConsumer: applyRequestedVisibilityToControl: visible=false, type=ime, host=com.locatemy.crimeqa/com.locatemy.app.MainActivity
09-17 18:16:06.117  8112  8112 I ViewRootImpl@bdf564[MainActivity]: handleResized, msg = 4 frames=ClientWindowFrames{frame=[0,0][1080,2400] display=[0,0][1080,2400] parentFrame=[0,0][0,0]} forceNextWindowRelayout=false displayId=0 dragResizing=false compatScale=1.0 frameChanged=false attachedFrameChanged=false configChanged=false displayChanged=false compatScaleChanged=false
09-17 18:16:06.123  8112  8112 D InsetsController: show(ime(), fromIme=true)
09-17 18:16:06.123  8112  8112 I InsetsController: setRequestedVisibleTypes: visible=true, mask=ime, host=com.locatemy.crimeqa/com.locatemy.app.MainActivity, from=android.view.InsetsController.controlAnimationUnchecked:1445 android.view.InsetsController.applyAnimation:2005 android.view.InsetsController.applyAnimation:1968 android.view.InsetsController.show:1309 android.view.ViewRootImpl$ViewRootHandler.handleMessageImpl:7233 android.view.ViewRootImpl$ViewRootHandler.handleMessage:7166 android.os.Handler.dispatchMessage:106 android.os.Looper.loopOnce:230 android.os.Looper.loop:319 android.app.ActivityThread.main:8919 
09-17 18:16:06.125  8112  8112 I InsetsController: controlAnimationUncheckedInner: Added types=ime, animType=0, host=com.locatemy.crimeqa/com.locatemy.app.MainActivity, from=android.view.InsetsController.controlAnimationUnchecked:1449 android.view.InsetsController.applyAnimation:2005 android.view.InsetsController.applyAnimation:1968 
09-17 18:16:06.131  8112  8112 D FlutterJNI: Sending viewport metrics to the engine.
09-17 18:16:06.138  8112  8557 I ViewRootImpl@bdf564[MainActivity]: mWNT: t=0xb400007123a77dd0 mBlastBufferQueue=0xb400007153a2b710 fn= 13 mRenderHdrSdrRatio=1.0 caller= android.view.SyncRtSurfaceTransactionApplier.applyTransaction:96 android.view.SyncRtSurfaceTransactionApplier.lambda$scheduleApply$0:69 android.view.SyncRtSurfaceTransactionApplier.$r8$lambda$SgowXC58rj3PR958kHUfRgLZmvE:0 
09-17 18:16:06.138  8112  8112 D FlutterJNI: Sending viewport metrics to the engine.
09-17 18:16:06.140  8112  8558 I ViewRootImpl@bdf564[MainActivity]: mWNT: t=0xb400007123a78fb0 mBlastBufferQueue=0xb400007153a2b710 fn= 14 mRenderHdrSdrRatio=1.0 caller= android.view.SyncRtSurfaceTransactionApplier.applyTransaction:96 android.view.SyncRtSurfaceTransactionApplier.lambda$scheduleApply$0:69 android.view.SyncRtSurfaceTransactionApplier.$r8$lambda$SgowXC58rj3PR958kHUfRgLZmvE:0 
09-17 18:16:06.140  8112  8112 I InsetsController: onStateChanged: host=com.locatemy.crimeqa/com.locatemy.app.MainActivity, from=android.view.ViewRootImpl$ViewRootHandler.handleMessageImpl:7209, state=InsetsState: {mDisplayFrame=Rect(0, 0 - 1080, 2400), mDisplayCutout=DisplayCutout{insets=Rect(0, 88 - 0, 0) waterfall=Insets{left=0, top=0, right=0, bottom=0} boundingRect={Bounds=[Rect(0, 0 - 0, 0), Rect(512, 0 - 568, 88), Rect(0, 0 - 0, 0), Rect(0, 0 - 0, 0)]} cutoutPathParserInfo={CutoutPathParserInfo{displayWidth=1080 displayHeight=2400 physicalDisplayWidth=1080 physicalDisplayHeight=2400 density={2.8125} cutoutSpec={M 0,0 M 0,11.43427858034597 a 9.899054752987353,9.899054752987353 0 1,0 0,19.79810950597471 a 9.899054752987353,9.899054752987353 0 1,0 0,-19.79810950597471 Z @dp} rotation={0} scale={1.0} physicalPixelDisplaySizeRatio={1.0}}}}, mRoundedCorners=RoundedCorners{[RoundedCorner{position=TopLeft, radius=0, center=Point(0, 0)}, RoundedCorner{position=TopRight, radius=0, center=Point(0, 0)}, RoundedCorner{position=BottomRight, radius=0, center=Point(0, 0)}, RoundedCorner{position=BottomLeft, radius=0, center=Point(0, 0)}]}  mRoundedCornerFrame=Rect(0, 0 - 1080, 2400), mPrivacyIndicatorBounds=PrivacyIndicatorBounds {static bounds=Rect(956, 0 - 1080, 88) rotation=0}, mDisplayShape=DisplayShape{ spec=-311912193 displayWidth=1080 displayHeight=2400 physicalPixelDisplaySizeRatio=1.0 rotation=0 offsetX=0 offsetY=0 scale=1.0}, mSources= { InsetsSource: {3 mType=ime mFrame=[0,1548][1080,2400] mVisible=true mFlags=[]}, InsetsSource: {27 mType=displayCutout mFrame=[0,0][1080,88] mVisible=true mFlags=[]}, InsetsSource: {23820000 mType=statusBars mFrame=[0,0][1080,88] mVisible=true mFlags=[]}, InsetsSource: {23820005 mType=mandatorySystemGestures mFrame=[0,0][1080,122] mVisible=true mFlags=[]}, InsetsSource: {23820006 mType=tappableElement mFrame=[0,0][1080,88] mVisible=true mFlags=[]}, InsetsSource: {37b40001 mType=navigationBars mFrame=[0,2265][1080,2400] mVisible=true mFlags=[]}, InsetsSource: {37b40004 mType=systemGestures mFrame=[0,0][0,0] mVisible=true mFlags=[]}, InsetsSource: {37b40005 mType=mandatorySystemGestures mFrame=[0,2265][1080,2400] mVisible=true mFlags=[]}, InsetsSource: {37b40006 mType=tappableElement mFrame=[0,2265][1080,2400] mVisible=true mFlags=[]}, InsetsSource: {37b40024 mType=systemGestures mFrame=[0,0][0,0] mVisible=true mFlags=[]} }
09-17 18:16:06.144  8112  8112 D FlutterJNI: Sending viewport metrics to the engine.
09-17 18:16:06.148  8112  8557 I ViewRootImpl@bdf564[MainActivity]: mWNT: t=0xb400007123a3ad90 mBlastBufferQueue=0xb400007153a2b710 fn= 15 mRenderHdrSdrRatio=1.0 caller= android.view.SyncRtSurfaceTransactionApplier.applyTransaction:96 android.view.SyncRtSurfaceTransactionApplier.lambda$scheduleApply$0:69 android.view.SyncRtSurfaceTransactionApplier.$r8$lambda$SgowXC58rj3PR958kHUfRgLZmvE:0 
09-17 18:16:06.149  8112  8147 I ViewRootImpl@bdf564[MainActivity]: Resizing android.view.ViewRootImpl@8af20c2: frame = [0,0][1080,2400] reportDraw = false forceLayout = false syncSeqId = -1
09-17 18:16:06.153  8112  8112 I ViewRootImpl@bdf564[MainActivity]: handleResized, msg = 4 frames=ClientWindowFrames{frame=[0,0][1080,2400] display=[0,0][1080,2400] parentFrame=[0,0][0,0]} forceNextWindowRelayout=false displayId=0 dragResizing=false compatScale=1.0 frameChanged=false attachedFrameChanged=false configChanged=false displayChanged=false compatScaleChanged=false
09-17 18:16:06.154  8112  8112 D FlutterJNI: Sending viewport metrics to the engine.
09-17 18:16:06.157  8112  8558 I ViewRootImpl@bdf564[MainActivity]: mWNT: t=0xb400007123a3ddb0 mBlastBufferQueue=0xb400007153a2b710 fn= 16 mRenderHdrSdrRatio=1.0 caller= android.view.SyncRtSurfaceTransactionApplier.applyTransaction:96 android.view.SyncRtSurfaceTransactionApplier.lambda$scheduleApply$0:69 android.view.SyncRtSurfaceTransactionApplier.$r8$lambda$SgowXC58rj3PR958kHUfRgLZmvE:0 
09-17 18:16:06.160  8112  8112 D FlutterJNI: Sending viewport metrics to the engine.
09-17 18:16:06.162  8112  8557 I ViewRootImpl@bdf564[MainActivity]: mWNT: t=0xb400007123a3bb50 mBlastBufferQueue=0xb400007153a2b710 fn= 17 mRenderHdrSdrRatio=1.0 caller= android.view.SyncRtSurfaceTransactionApplier.applyTransaction:96 android.view.SyncRtSurfaceTransactionApplier.lambda$scheduleApply$0:69 android.view.SyncRtSurfaceTransactionApplier.$r8$lambda$SgowXC58rj3PR958kHUfRgLZmvE:0 
09-17 18:16:06.169  8112  8112 D FlutterJNI: Sending viewport metrics to the engine.
09-17 18:16:06.170  8112  8558 I ViewRootImpl@bdf564[MainActivity]: mWNT: t=0xb400007123a77850 mBlastBufferQueue=0xb400007153a2b710 fn= 18 mRenderHdrSdrRatio=1.0 caller= android.view.SyncRtSurfaceTransactionApplier.applyTransaction:96 android.view.SyncRtSurfaceTransactionApplier.lambda$scheduleApply$0:69 android.view.SyncRtSurfaceTransactionApplier.$r8$lambda$SgowXC58rj3PR958kHUfRgLZmvE:0 
09-17 18:16:06.177  8112  8112 D FlutterJNI: Sending viewport metrics to the engine.
09-17 18:16:06.178  8112  8557 I ViewRootImpl@bdf564[MainActivity]: mWNT: t=0xb400007123a77f30 mBlastBufferQueue=0xb400007153a2b710 fn= 19 mRenderHdrSdrRatio=1.0 caller= android.view.SyncRtSurfaceTransactionApplier.applyTransaction:96 android.view.SyncRtSurfaceTransactionApplier.lambda$scheduleApply$0:69 android.view.SyncRtSurfaceTransactionApplier.$r8$lambda$SgowXC58rj3PR958kHUfRgLZmvE:0 
09-17 18:16:06.193  8112  8112 D FlutterJNI: Sending viewport metrics to the engine.
09-17 18:16:06.195  8112  8558 I ViewRootImpl@bdf564[MainActivity]: mWNT: t=0xb400007123a6cf30 mBlastBufferQueue=0xb400007153a2b710 fn= 20 mRenderHdrSdrRatio=1.0 caller= android.view.SyncRtSurfaceTransactionApplier.applyTransaction:96 android.view.SyncRtSurfaceTransactionApplier.lambda$scheduleApply$0:69 android.view.SyncRtSurfaceTransactionApplier.$r8$lambda$SgowXC58rj3PR958kHUfRgLZmvE:0 
09-17 18:16:06.201  8112  8112 D FlutterJNI: Sending viewport metrics to the engine.
09-17 18:16:06.202  8112  8557 I ViewRootImpl@bdf564[MainActivity]: mWNT: t=0xb400007123a71d90 mBlastBufferQueue=0xb400007153a2b710 fn= 21 mRenderHdrSdrRatio=1.0 caller= android.view.SyncRtSurfaceTransactionApplier.applyTransaction:96 android.view.SyncRtSurfaceTransactionApplier.lambda$scheduleApply$0:69 android.view.SyncRtSurfaceTransactionApplier.$r8$lambda$SgowXC58rj3PR958kHUfRgLZmvE:0 
09-17 18:16:06.245  8112  8112 D FlutterJNI: Sending viewport metrics to the engine.
09-17 18:16:06.247  8112  8558 I ViewRootImpl@bdf564[MainActivity]: mWNT: t=0xb400007123a75e30 mBlastBufferQueue=0xb400007153a2b710 fn= 22 mRenderHdrSdrRatio=1.0 caller= android.view.SyncRtSurfaceTransactionApplier.applyTransaction:96 android.view.SyncRtSurfaceTransactionApplier.lambda$scheduleApply$0:69 android.view.SyncRtSurfaceTransactionApplier.$r8$lambda$SgowXC58rj3PR958kHUfRgLZmvE:0 
09-17 18:16:06.251  8112  8112 D FlutterJNI: Sending viewport metrics to the engine.
09-17 18:16:06.253  8112  8557 I ViewRootImpl@bdf564[MainActivity]: mWNT: t=0xb400007123a6ec10 mBlastBufferQueue=0xb400007153a2b710 fn= 23 mRenderHdrSdrRatio=1.0 caller= android.view.SyncRtSurfaceTransactionApplier.applyTransaction:96 android.view.SyncRtSurfaceTransactionApplier.lambda$scheduleApply$0:69 android.view.SyncRtSurfaceTransactionApplier.$r8$lambda$SgowXC58rj3PR958kHUfRgLZmvE:0 
09-17 18:16:06.294  8112  8112 D FlutterJNI: Sending viewport metrics to the engine.
09-17 18:16:06.295  8112  8558 I ViewRootImpl@bdf564[MainActivity]: mWNT: t=0xb400007123a4d530 mBlastBufferQueue=0xb400007153a2b710 fn= 24 mRenderHdrSdrRatio=1.0 caller= android.view.SyncRtSurfaceTransactionApplier.applyTransaction:96 android.view.SyncRtSurfaceTransactionApplier.lambda$scheduleApply$0:69 android.view.SyncRtSurfaceTransactionApplier.$r8$lambda$SgowXC58rj3PR958kHUfRgLZmvE:0 
09-17 18:16:06.301  8112  8112 D FlutterJNI: Sending viewport metrics to the engine.
09-17 18:16:06.302  8112  8557 I ViewRootImpl@bdf564[MainActivity]: mWNT: t=0xb400007123a70d10 mBlastBufferQueue=0xb400007153a2b710 fn= 25 mRenderHdrSdrRatio=1.0 caller= android.view.SyncRtSurfaceTransactionApplier.applyTransaction:96 android.view.SyncRtSurfaceTransactionApplier.lambda$scheduleApply$0:69 android.view.SyncRtSurfaceTransactionApplier.$r8$lambda$SgowXC58rj3PR958kHUfRgLZmvE:0 
09-17 18:16:06.332  8112  8112 D FlutterJNI: Sending viewport metrics to the engine.
09-17 18:16:06.334  8112  8558 I ViewRootImpl@bdf564[MainActivity]: mWNT: t=0xb400007123a75b70 mBlastBufferQueue=0xb400007153a2b710 fn= 26 mRenderHdrSdrRatio=1.0 caller= android.view.SyncRtSurfaceTransactionApplier.applyTransaction:96 android.view.SyncRtSurfaceTransactionApplier.lambda$scheduleApply$0:69 android.view.SyncRtSurfaceTransactionApplier.$r8$lambda$SgowXC58rj3PR958kHUfRgLZmvE:0 
09-17 18:16:06.363  8112  8112 D FlutterJNI: Sending viewport metrics to the engine.
09-17 18:16:06.364  8112  8557 I ViewRootImpl@bdf564[MainActivity]: mWNT: t=0xb400007123a35c70 mBlastBufferQueue=0xb400007153a2b710 fn= 27 mRenderHdrSdrRatio=1.0 caller= android.view.SyncRtSurfaceTransactionApplier.applyTransaction:96 android.view.SyncRtSurfaceTransactionApplier.lambda$scheduleApply$0:69 android.view.SyncRtSurfaceTransactionApplier.$r8$lambda$SgowXC58rj3PR958kHUfRgLZmvE:0 
09-17 18:16:06.368  8112  8112 D FlutterJNI: Sending viewport metrics to the engine.
09-17 18:16:06.369  8112  8558 I ViewRootImpl@bdf564[MainActivity]: mWNT: t=0xb400007123a6aa10 mBlastBufferQueue=0xb400007153a2b710 fn= 28 mRenderHdrSdrRatio=1.0 caller= android.view.SyncRtSurfaceTransactionApplier.applyTransaction:96 android.view.SyncRtSurfaceTransactionApplier.lambda$scheduleApply$0:69 android.view.SyncRtSurfaceTransactionApplier.$r8$lambda$SgowXC58rj3PR958kHUfRgLZmvE:0 
09-17 18:16:06.398  8112  8112 D FlutterJNI: Sending viewport metrics to the engine.
09-17 18:16:06.400  8112  8557 I ViewRootImpl@bdf564[MainActivity]: mWNT: t=0xb400007123a6a5f0 mBlastBufferQueue=0xb400007153a2b710 fn= 29 mRenderHdrSdrRatio=1.0 caller= android.view.SyncRtSurfaceTransactionApplier.applyTransaction:96 android.view.SyncRtSurfaceTransactionApplier.lambda$scheduleApply$0:69 android.view.SyncRtSurfaceTransactionApplier.$r8$lambda$SgowXC58rj3PR958kHUfRgLZmvE:0 
09-17 18:16:06.428  8112  8112 I InsetsController: cancelAnimation: types=ime, animType=0, host=com.locatemy.crimeqa/com.locatemy.app.MainActivity, from=android.view.InsetsController.notifyFinished:1748 android.view.InsetsAnimationControlImpl.applyChangeInsets:312 android.view.InsetsController.lambda$new$3:918 
09-17 18:16:06.429  8112  8112 I ImeTracker: com.locatemy.crimeqa:d50a62d5: onShown
09-17 18:16:06.429  8112  8112 D FlutterJNI: Sending viewport metrics to the engine.
09-17 18:16:06.430  8112  8112 D FlutterJNI: Sending viewport metrics to the engine.
09-17 18:16:06.434  8112  8558 I ViewRootImpl@bdf564[MainActivity]: mWNT: t=0xb400007123a6c2d0 mBlastBufferQueue=0xb400007153a2b710 fn= 30 mRenderHdrSdrRatio=1.0 caller= android.view.SyncRtSurfaceTransactionApplier.applyTransaction:96 android.view.SyncRtSurfaceTransactionApplier.lambda$scheduleApply$0:69 android.view.SyncRtSurfaceTransactionApplier.$r8$lambda$SgowXC58rj3PR958kHUfRgLZmvE:0 
09-17 18:16:06.434  8112  8558 I ViewRootImpl@bdf564[MainActivity]: mWNT: t=0xb400007123a6e950 mBlastBufferQueue=0xb400007153a2b710 fn= 30 mRenderHdrSdrRatio=1.0 caller= android.view.SyncRtSurfaceTransactionApplier.applyTransaction:96 android.view.SyncRtSurfaceTransactionApplier.lambda$scheduleApply$0:69 android.view.SyncRtSurfaceTransactionApplier.$r8$lambda$SgowXC58rj3PR958kHUfRgLZmvE:0 
09-17 18:16:06.662  8112  8112 I ViewRootImpl@bdf564[MainActivity]: setInTouchMode(false), android.view.ViewRootImpl.checkForLeavingTouchModeAndConsume:9568 android.view.ViewRootImpl.-$$Nest$mcheckForLeavingTouchModeAndConsume:0 android.view.ViewRootImpl$EarlyPostImeInputStage.processKeyEvent:8214 android.view.ViewRootImpl$EarlyPostImeInputStage.onProcess:8198 android.view.ViewRootImpl$InputStage.deliver:7682 android.view.ViewRootImpl$InputStage.onDeliverToNext:7739 android.view.ViewRootImpl$InputStage.forward:7705 android.view.ViewRootImpl$AsyncInputStage.forward:7941 android.view.ViewRootImpl$ImeInputStage.onFinishedInputEvent:8183 android.view.inputmethod.InputMethodManager$PendingEvent.run:4578 
09-17 18:16:06.663  8112  8112 I ViewRootImpl@bdf564[MainActivity]: ViewPostIme key 0
09-17 18:16:06.733  8112  8112 I ViewRootImpl@bdf564[MainActivity]: MSG_WINDOW_TOUCH_MODE_CHANGED 
09-17 18:16:06.746  8112  8112 I ViewRootImpl@bdf564[MainActivity]: ViewPostIme key 1
09-17 18:16:06.773  8112  8112 I ViewRootImpl@bdf564[MainActivity]: ViewPostIme key 0
09-17 18:16:06.780  8112  8112 I ViewRootImpl@bdf564[MainActivity]: ViewPostIme key 1
09-17 18:16:06.798  8112  8112 I ViewRootImpl@bdf564[MainActivity]: ViewPostIme key 0
09-17 18:16:06.806  8112  8112 I ViewRootImpl@bdf564[MainActivity]: ViewPostIme key 1
09-17 18:16:06.829  8112  8112 I ViewRootImpl@bdf564[MainActivity]: ViewPostIme key 0
09-17 18:16:06.836  8112  8112 I ViewRootImpl@bdf564[MainActivity]: ViewPostIme key 1
09-17 18:16:06.853  8112  8112 I ViewRootImpl@bdf564[MainActivity]: ViewPostIme key 0
09-17 18:16:06.862  8112  8112 I ViewRootImpl@bdf564[MainActivity]: ViewPostIme key 1
09-17 18:16:06.880  8112  8112 I ViewRootImpl@bdf564[MainActivity]: ViewPostIme key 0
09-17 18:16:06.886  8112  8112 I ViewRootImpl@bdf564[MainActivity]: ViewPostIme key 1
09-17 18:16:06.973  8112  8112 I ViewRootImpl@bdf564[MainActivity]: ViewPostIme pointer 0
09-17 18:16:06.974  8112  8112 I ViewRootImpl@bdf564[MainActivity]: MSG_WINDOW_TOUCH_MODE_CHANGED 
09-17 18:16:06.994  8112  8112 I ViewRootImpl@bdf564[MainActivity]: ViewPostIme pointer 1
09-17 18:16:07.078  8112  8112 D InputMethodManagerUtils: startInputInner - Id : 0
09-17 18:16:07.078  8112  8112 I InputMethodManager: startInputInner - IInputMethodManagerGlobalInvoker.startInputOrWindowGainedFocus
09-17 18:16:07.082  8112  8112 I InputMethodManager_LC: showSoftInput(View,I)
09-17 18:16:07.082  8112  8112 I ImeTracker: com.locatemy.crimeqa:e594e8a1: onRequestShow at ORIGIN_CLIENT_SHOW_SOFT_INPUT reason SHOW_SOFT_INPUT
09-17 18:16:07.082  8112  8112 I InputMethodManager_LC: ssi(): flags=0 view=com.locatemy.crimeqa reason = SHOW_SOFT_INPUT
09-17 18:16:07.082  8112  8112 I InputMethodManager_LC: ssi() view is not EditText
09-17 18:16:07.083  8112  8112 D InputMethodManager: showSoftInput() view=io.flutter.embedding.android.FlutterView{cdd8cad VFE...... .F...... 0,0-1080,2265 #1 aid=1073741824} flags=0 reason=SHOW_SOFT_INPUT
09-17 18:16:07.096  8112  8112 I InputMethodManager_LC: showSoftInput(View,I)
09-17 18:16:07.097  8112  8112 I ImeTracker: com.locatemy.crimeqa:dd2ba627: onRequestShow at ORIGIN_CLIENT_SHOW_SOFT_INPUT reason SHOW_SOFT_INPUT
09-17 18:16:07.097  8112  8112 I InputMethodManager_LC: ssi(): flags=0 view=com.locatemy.crimeqa reason = SHOW_SOFT_INPUT
09-17 18:16:07.097  8112  8112 I InputMethodManager_LC: ssi() view is not EditText
09-17 18:16:07.097  8112  8112 D InputMethodManager: showSoftInput() view=io.flutter.embedding.android.FlutterView{cdd8cad VFE...... .F...... 0,0-1080,2265 #1 aid=1073741824} flags=0 reason=SHOW_SOFT_INPUT
09-17 18:16:07.108  8112  8112 D InputConnectionAdaptor: The input method toggled cursor monitoring on
09-17 18:16:07.111  8112  8112 I AssistStructure: Flattened final assist data: 380 bytes, containing 1 windows, 3 views
09-17 18:16:07.126  8112  8112 D InputConnectionAdaptor: The input method toggled cursor monitoring off
09-17 18:16:07.126  8112  8112 D InputConnectionAdaptor: The input method toggled cursor monitoring on
09-17 18:16:07.126  8112  8112 D InsetsController: show(ime(), fromIme=true)
09-17 18:16:07.127  8112  8112 I ImeTracker: com.locatemy.crimeqa:e594e8a1: onCancelled at PHASE_CLIENT_APPLY_ANIMATION
09-17 18:16:07.129  8112  8112 D InsetsController: show(ime(), fromIme=true)
09-17 18:16:07.129  8112  8112 I ImeTracker: com.locatemy.crimeqa:dd2ba627: onCancelled at PHASE_CLIENT_APPLY_ANIMATION
09-17 18:16:07.782  8112  8112 I ViewRootImpl@bdf564[MainActivity]: setInTouchMode(false), android.view.ViewRootImpl.checkForLeavingTouchModeAndConsume:9568 android.view.ViewRootImpl.-$$Nest$mcheckForLeavingTouchModeAndConsume:0 android.view.ViewRootImpl$EarlyPostImeInputStage.processKeyEvent:8214 android.view.ViewRootImpl$EarlyPostImeInputStage.onProcess:8198 android.view.ViewRootImpl$InputStage.deliver:7682 android.view.ViewRootImpl$InputStage.onDeliverToNext:7739 android.view.ViewRootImpl$InputStage.forward:7705 android.view.ViewRootImpl$AsyncInputStage.forward:7941 android.view.ViewRootImpl$ImeInputStage.onFinishedInputEvent:8183 android.view.inputmethod.InputMethodManager$PendingEvent.run:4578 
09-17 18:16:07.782  8112  8112 I ViewRootImpl@bdf564[MainActivity]: ViewPostIme key 0
09-17 18:16:07.785  8112  8112 I ViewRootImpl@bdf564[MainActivity]: MSG_WINDOW_TOUCH_MODE_CHANGED 
09-17 18:16:07.790  8112  8112 I ViewRootImpl@bdf564[MainActivity]: ViewPostIme key 1
09-17 18:16:07.794  8112  8112 I ViewRootImpl@bdf564[MainActivity]: ViewPostIme key 0
09-17 18:16:07.815  8112  8112 I ViewRootImpl@bdf564[MainActivity]: ViewPostIme key 1
09-17 18:16:07.819  8112  8112 I ViewRootImpl@bdf564[MainActivity]: ViewPostIme key 0
09-17 18:16:07.843  8112  8112 I ViewRootImpl@bdf564[MainActivity]: ViewPostIme key 1
09-17 18:16:07.864  8112  8112 I ViewRootImpl@bdf564[MainActivity]: ViewPostIme key 0
09-17 18:16:07.871  8112  8112 I ViewRootImpl@bdf564[MainActivity]: ViewPostIme key 1
09-17 18:16:07.874  8112  8112 I ViewRootImpl@bdf564[MainActivity]: ViewPostIme key 0
09-17 18:16:07.893  8112  8112 I ViewRootImpl@bdf564[MainActivity]: ViewPostIme key 1
09-17 18:16:07.898  8112  8112 I ViewRootImpl@bdf564[MainActivity]: ViewPostIme key 0
09-17 18:16:07.904  8112  8112 I ViewRootImpl@bdf564[MainActivity]: ViewPostIme key 1
09-17 18:16:07.910  8112  8112 I ViewRootImpl@bdf564[MainActivity]: ViewPostIme key 0
09-17 18:16:07.929  8112  8112 I ViewRootImpl@bdf564[MainActivity]: ViewPostIme key 1
09-17 18:16:07.936  8112  8112 I ViewRootImpl@bdf564[MainActivity]: ViewPostIme key 0
09-17 18:16:07.943  8112  8112 I ViewRootImpl@bdf564[MainActivity]: ViewPostIme key 1
09-17 18:16:08.040  8112  8112 I ViewRootImpl@bdf564[MainActivity]: The input has been finished in ImeInputStage.
09-17 18:16:08.055  8112  8112 I ViewRootImpl@bdf564[MainActivity]: The input has been finished in ImeInputStage.
09-17 18:16:08.061  8112  8112 W WindowOnBackDispatcher: sendCancelIfRunning: isInProgress=falsecallback=ImeCallback=ImeOnBackInvokedCallback@20620053 Callback=android.window.IOnBackInvokedCallback$Stub$Proxy@e5db70f
09-17 18:16:08.064  8112  8112 I InsetsController: setRequestedVisibleTypes: visible=false, mask=ime, host=com.locatemy.crimeqa/com.locatemy.app.MainActivity, from=android.view.InsetsController.controlAnimationUnchecked:1445 android.view.InsetsController.applyAnimation:2005 android.view.InsetsController.applyAnimation:1968 android.view.InsetsController.hide:1403 android.view.ViewRootImpl$ViewRootHandler.handleMessageImpl:7240 android.view.ViewRootImpl$ViewRootHandler.handleMessage:7166 android.os.Handler.dispatchMessage:106 android.os.Looper.loopOnce:230 android.os.Looper.loop:319 android.app.ActivityThread.main:8919 
09-17 18:16:08.064  8112  8112 I InsetsController: controlAnimationUncheckedInner: Added types=ime, animType=1, host=com.locatemy.crimeqa/com.locatemy.app.MainActivity, from=android.view.InsetsController.controlAnimationUnchecked:1449 android.view.InsetsController.applyAnimation:2005 android.view.InsetsController.applyAnimation:1968 
09-17 18:16:08.065  8112  8112 D InputConnectionAdaptor: The input method toggled cursor monitoring off
09-17 18:16:08.070  8112  8112 D FlutterJNI: Sending viewport metrics to the engine.
09-17 18:16:08.073  8112  8557 I ViewRootImpl@bdf564[MainActivity]: mWNT: t=0xb400007123a75490 mBlastBufferQueue=0xb400007153a2b710 fn= 31 mRenderHdrSdrRatio=1.0 caller= android.view.SyncRtSurfaceTransactionApplier.applyTransaction:96 android.view.SyncRtSurfaceTransactionApplier.lambda$scheduleApply$0:69 android.view.SyncRtSurfaceTransactionApplier.$r8$lambda$SgowXC58rj3PR958kHUfRgLZmvE:0 
09-17 18:16:08.075  8112  8147 I ViewRootImpl@bdf564[MainActivity]: Resizing android.view.ViewRootImpl@8af20c2: frame = [0,0][1080,2400] reportDraw = false forceLayout = false syncSeqId = -1
09-17 18:16:08.075  8112  8112 I InsetsController: onStateChanged: host=com.locatemy.crimeqa/com.locatemy.app.MainActivity, from=android.view.ViewRootImpl$ViewRootHandler.handleMessageImpl:7209, state=InsetsState: {mDisplayFrame=Rect(0, 0 - 1080, 2400), mDisplayCutout=DisplayCutout{insets=Rect(0, 88 - 0, 0) waterfall=Insets{left=0, top=0, right=0, bottom=0} boundingRect={Bounds=[Rect(0, 0 - 0, 0), Rect(512, 0 - 568, 88), Rect(0, 0 - 0, 0), Rect(0, 0 - 0, 0)]} cutoutPathParserInfo={CutoutPathParserInfo{displayWidth=1080 displayHeight=2400 physicalDisplayWidth=1080 physicalDisplayHeight=2400 density={2.8125} cutoutSpec={M 0,0 M 0,11.43427858034597 a 9.899054752987353,9.899054752987353 0 1,0 0,19.79810950597471 a 9.899054752987353,9.899054752987353 0 1,0 0,-19.79810950597471 Z @dp} rotation={0} scale={1.0} physicalPixelDisplaySizeRatio={1.0}}}}, mRoundedCorners=RoundedCorners{[RoundedCorner{position=TopLeft, radius=0, center=Point(0, 0)}, RoundedCorner{position=TopRight, radius=0, center=Point(0, 0)}, RoundedCorner{position=BottomRight, radius=0, center=Point(0, 0)}, RoundedCorner{position=BottomLeft, radius=0, center=Point(0, 0)}]}  mRoundedCornerFrame=Rect(0, 0 - 1080, 2400), mPrivacyIndicatorBounds=PrivacyIndicatorBounds {static bounds=Rect(956, 0 - 1080, 88) rotation=0}, mDisplayShape=DisplayShape{ spec=-311912193 displayWidth=1080 displayHeight=2400 physicalPixelDisplaySizeRatio=1.0 rotation=0 offsetX=0 offsetY=0 scale=1.0}, mSources= { InsetsSource: {3 mType=ime mFrame=[0,1548][1080,2400] mVisible=false mFlags=[]}, InsetsSource: {27 mType=displayCutout mFrame=[0,0][1080,88] mVisible=true mFlags=[]}, InsetsSource: {23820000 mType=statusBars mFrame=[0,0][1080,88] mVisible=true mFlags=[]}, InsetsSource: {23820005 mType=mandatorySystemGestures mFrame=[0,0][1080,122] mVisible=true mFlags=[]}, InsetsSource: {23820006 mType=tappableElement mFrame=[0,0][1080,88] mVisible=true mFlags=[]}, InsetsSource: {37b40001 mType=navigationBars mFrame=[0,2265][1080,2400] mVisible=true mFlags=[]}, InsetsSource: {37b40004 mType=systemGestures mFrame=[0,0][0,0] mVisible=true mFlags=[]}, InsetsSource: {37b40005 mType=mandatorySystemGestures mFrame=[0,2265][1080,2400] mVisible=true mFlags=[]}, InsetsSource: {37b40006 mType=tappableElement mFrame=[0,2265][1080,2400] mVisible=true mFlags=[]}, InsetsSource: {37b40024 mType=systemGestures mFrame=[0,0][0,0] mVisible=true mFlags=[]} }
09-17 18:16:08.075  8112  8112 I InsetsSourceConsumer: applyRequestedVisibilityToControl: visible=true, type=navigationBars, host=com.locatemy.crimeqa/com.locatemy.app.MainActivity
09-17 18:16:08.076  8112  8112 I ViewRootImpl@bdf564[MainActivity]: handleResized, msg = 4 frames=ClientWindowFrames{frame=[0,0][1080,2400] display=[0,0][1080,2400] parentFrame=[0,0][0,0]} forceNextWindowRelayout=false displayId=0 dragResizing=false compatScale=1.0 frameChanged=false attachedFrameChanged=false configChanged=false displayChanged=false compatScaleChanged=false
09-17 18:16:08.078  8112  8112 D FlutterJNI: Sending viewport metrics to the engine.
09-17 18:16:08.080  8112  8558 I ViewRootImpl@bdf564[MainActivity]: mWNT: t=0xb400007123a78770 mBlastBufferQueue=0xb400007153a2b710 fn= 32 mRenderHdrSdrRatio=1.0 caller= android.view.SyncRtSurfaceTransactionApplier.applyTransaction:96 android.view.SyncRtSurfaceTransactionApplier.lambda$scheduleApply$0:69 android.view.SyncRtSurfaceTransactionApplier.$r8$lambda$SgowXC58rj3PR958kHUfRgLZmvE:0 
09-17 18:16:08.086  8112  8112 D FlutterJNI: Sending viewport metrics to the engine.
09-17 18:16:08.087  8112  8557 I ViewRootImpl@bdf564[MainActivity]: mWNT: t=0xb400007123a0b270 mBlastBufferQueue=0xb400007153a2b710 fn= 33 mRenderHdrSdrRatio=1.0 caller= android.view.SyncRtSurfaceTransactionApplier.applyTransaction:96 android.view.SyncRtSurfaceTransactionApplier.lambda$scheduleApply$0:69 android.view.SyncRtSurfaceTransactionApplier.$r8$lambda$SgowXC58rj3PR958kHUfRgLZmvE:0 
09-17 18:16:08.094  8112  8112 D FlutterJNI: Sending viewport metrics to the engine.
09-17 18:16:08.095  8112  8558 I ViewRootImpl@bdf564[MainActivity]: mWNT: t=0xb400007123a47d30 mBlastBufferQueue=0xb400007153a2b710 fn= 34 mRenderHdrSdrRatio=1.0 caller= android.view.SyncRtSurfaceTransactionApplier.applyTransaction:96 android.view.SyncRtSurfaceTransactionApplier.lambda$scheduleApply$0:69 android.view.SyncRtSurfaceTransactionApplier.$r8$lambda$SgowXC58rj3PR958kHUfRgLZmvE:0 
09-17 18:16:08.116  8112  8112 D FlutterJNI: Sending viewport metrics to the engine.
09-17 18:16:08.118  8112  8557 I ViewRootImpl@bdf564[MainActivity]: mWNT: t=0xb400007123a0c870 mBlastBufferQueue=0xb400007153a2b710 fn= 35 mRenderHdrSdrRatio=1.0 caller= android.view.SyncRtSurfaceTransactionApplier.applyTransaction:96 android.view.SyncRtSurfaceTransactionApplier.lambda$scheduleApply$0:69 android.view.SyncRtSurfaceTransactionApplier.$r8$lambda$SgowXC58rj3PR958kHUfRgLZmvE:0 
09-17 18:16:08.120  8112  8112 D FlutterJNI: Sending viewport metrics to the engine.
09-17 18:16:08.121  8112  8558 I ViewRootImpl@bdf564[MainActivity]: mWNT: t=0xb400007123a6b3b0 mBlastBufferQueue=0xb400007153a2b710 fn= 36 mRenderHdrSdrRatio=1.0 caller= android.view.SyncRtSurfaceTransactionApplier.applyTransaction:96 android.view.SyncRtSurfaceTransactionApplier.lambda$scheduleApply$0:69 android.view.SyncRtSurfaceTransactionApplier.$r8$lambda$SgowXC58rj3PR958kHUfRgLZmvE:0 
09-17 18:16:08.149  8112  8112 D FlutterJNI: Sending viewport metrics to the engine.
09-17 18:16:08.151  8112  8557 I ViewRootImpl@bdf564[MainActivity]: mWNT: t=0xb400007123a68390 mBlastBufferQueue=0xb400007153a2b710 fn= 37 mRenderHdrSdrRatio=1.0 caller= android.view.SyncRtSurfaceTransactionApplier.applyTransaction:96 android.view.SyncRtSurfaceTransactionApplier.lambda$scheduleApply$0:69 android.view.SyncRtSurfaceTransactionApplier.$r8$lambda$SgowXC58rj3PR958kHUfRgLZmvE:0 
09-17 18:16:08.153  8112  8112 D FlutterJNI: Sending viewport metrics to the engine.
09-17 18:16:08.155  8112  8558 I ViewRootImpl@bdf564[MainActivity]: mWNT: t=0xb400007123a6b510 mBlastBufferQueue=0xb400007153a2b710 fn= 38 mRenderHdrSdrRatio=1.0 caller= android.view.SyncRtSurfaceTransactionApplier.applyTransaction:96 android.view.SyncRtSurfaceTransactionApplier.lambda$scheduleApply$0:69 android.view.SyncRtSurfaceTransactionApplier.$r8$lambda$SgowXC58rj3PR958kHUfRgLZmvE:0 
09-17 18:16:08.182  8112  8112 D FlutterJNI: Sending viewport metrics to the engine.
09-17 18:16:08.184  8112  8557 I ViewRootImpl@bdf564[MainActivity]: mWNT: t=0xb400007123a096f0 mBlastBufferQueue=0xb400007153a2b710 fn= 39 mRenderHdrSdrRatio=1.0 caller= android.view.SyncRtSurfaceTransactionApplier.applyTransaction:96 android.view.SyncRtSurfaceTransactionApplier.lambda$scheduleApply$0:69 android.view.SyncRtSurfaceTransactionApplier.$r8$lambda$SgowXC58rj3PR958kHUfRgLZmvE:0 
09-17 18:16:08.186  8112  8112 D FlutterJNI: Sending viewport metrics to the engine.
09-17 18:16:08.188  8112  8558 I ViewRootImpl@bdf564[MainActivity]: mWNT: t=0xb400007123a35b10 mBlastBufferQueue=0xb400007153a2b710 fn= 40 mRenderHdrSdrRatio=1.0 caller= android.view.SyncRtSurfaceTransactionApplier.applyTransaction:96 android.view.SyncRtSurfaceTransactionApplier.lambda$scheduleApply$0:69 android.view.SyncRtSurfaceTransactionApplier.$r8$lambda$SgowXC58rj3PR958kHUfRgLZmvE:0 
09-17 18:16:08.202  8112  8112 D FlutterJNI: Sending viewport metrics to the engine.
09-17 18:16:08.203  8112  8557 I ViewRootImpl@bdf564[MainActivity]: mWNT: t=0xb400007123a6c9b0 mBlastBufferQueue=0xb400007153a2b710 fn= 41 mRenderHdrSdrRatio=1.0 caller= android.view.SyncRtSurfaceTransactionApplier.applyTransaction:96 android.view.SyncRtSurfaceTransactionApplier.lambda$scheduleApply$0:69 android.view.SyncRtSurfaceTransactionApplier.$r8$lambda$SgowXC58rj3PR958kHUfRgLZmvE:0 
09-17 18:16:08.218  8112  8112 D FlutterJNI: Sending viewport metrics to the engine.
09-17 18:16:08.220  8112  8558 I ViewRootImpl@bdf564[MainActivity]: mWNT: t=0xb400007123a6da30 mBlastBufferQueue=0xb400007153a2b710 fn= 42 mRenderHdrSdrRatio=1.0 caller= android.view.SyncRtSurfaceTransactionApplier.applyTransaction:96 android.view.SyncRtSurfaceTransactionApplier.lambda$scheduleApply$0:69 android.view.SyncRtSurfaceTransactionApplier.$r8$lambda$SgowXC58rj3PR958kHUfRgLZmvE:0 
09-17 18:16:08.235  8112  8112 D FlutterJNI: Sending viewport metrics to the engine.
09-17 18:16:08.236  8112  8557 I ViewRootImpl@bdf564[MainActivity]: mWNT: t=0xb400007123a6d8d0 mBlastBufferQueue=0xb400007153a2b710 fn= 43 mRenderHdrSdrRatio=1.0 caller= android.view.SyncRtSurfaceTransactionApplier.applyTransaction:96 android.view.SyncRtSurfaceTransactionApplier.lambda$scheduleApply$0:69 android.view.SyncRtSurfaceTransactionApplier.$r8$lambda$SgowXC58rj3PR958kHUfRgLZmvE:0 
09-17 18:16:08.246  8112  8112 D FlutterJNI: Sending viewport metrics to the engine.
09-17 18:16:08.247  8112  8558 I ViewRootImpl@bdf564[MainActivity]: mWNT: t=0xb400007123a37ed0 mBlastBufferQueue=0xb400007153a2b710 fn= 44 mRenderHdrSdrRatio=1.0 caller= android.view.SyncRtSurfaceTransactionApplier.applyTransaction:96 android.view.SyncRtSurfaceTransactionApplier.lambda$scheduleApply$0:69 android.view.SyncRtSurfaceTransactionApplier.$r8$lambda$SgowXC58rj3PR958kHUfRgLZmvE:0 
09-17 18:16:08.253  8112  8112 D FlutterJNI: Sending viewport metrics to the engine.
09-17 18:16:08.254  8112  8557 I ViewRootImpl@bdf564[MainActivity]: mWNT: t=0xb400007123a6f9d0 mBlastBufferQueue=0xb400007153a2b710 fn= 45 mRenderHdrSdrRatio=1.0 caller= android.view.SyncRtSurfaceTransactionApplier.applyTransaction:96 android.view.SyncRtSurfaceTransactionApplier.lambda$scheduleApply$0:69 android.view.SyncRtSurfaceTransactionApplier.$r8$lambda$SgowXC58rj3PR958kHUfRgLZmvE:0 
09-17 18:16:08.262  8112  8112 D FlutterJNI: Sending viewport metrics to the engine.
09-17 18:16:08.263  8112  8558 I ViewRootImpl@bdf564[MainActivity]: mWNT: t=0xb400007123a6fb30 mBlastBufferQueue=0xb400007153a2b710 fn= 46 mRenderHdrSdrRatio=1.0 caller= android.view.SyncRtSurfaceTransactionApplier.applyTransaction:96 android.view.SyncRtSurfaceTransactionApplier.lambda$scheduleApply$0:69 android.view.SyncRtSurfaceTransactionApplier.$r8$lambda$SgowXC58rj3PR958kHUfRgLZmvE:0 
09-17 18:16:08.270  8112  8112 D FlutterJNI: Sending viewport metrics to the engine.
09-17 18:16:08.272  8112  8557 I ViewRootImpl@bdf564[MainActivity]: mWNT: t=0xb400007123a734f0 mBlastBufferQueue=0xb400007153a2b710 fn= 47 mRenderHdrSdrRatio=1.0 caller= android.view.SyncRtSurfaceTransactionApplier.applyTransaction:96 android.view.SyncRtSurfaceTransactionApplier.lambda$scheduleApply$0:69 android.view.SyncRtSurfaceTransactionApplier.$r8$lambda$SgowXC58rj3PR958kHUfRgLZmvE:0 
09-17 18:16:08.281  8112  8112 D FlutterJNI: Sending viewport metrics to the engine.
09-17 18:16:08.282  8112  8558 I ViewRootImpl@bdf564[MainActivity]: mWNT: t=0xb400007123a716b0 mBlastBufferQueue=0xb400007153a2b710 fn= 48 mRenderHdrSdrRatio=1.0 caller= android.view.SyncRtSurfaceTransactionApplier.applyTransaction:96 android.view.SyncRtSurfaceTransactionApplier.lambda$scheduleApply$0:69 android.view.SyncRtSurfaceTransactionApplier.$r8$lambda$SgowXC58rj3PR958kHUfRgLZmvE:0 
09-17 18:16:08.286  8112  8112 D FlutterJNI: Sending viewport metrics to the engine.
09-17 18:16:08.288  8112  8557 I ViewRootImpl@bdf564[MainActivity]: mWNT: t=0xb400007123a48150 mBlastBufferQueue=0xb400007153a2b710 fn= 49 mRenderHdrSdrRatio=1.0 caller= android.view.SyncRtSurfaceTransactionApplier.applyTransaction:96 android.view.SyncRtSurfaceTransactionApplier.lambda$scheduleApply$0:69 android.view.SyncRtSurfaceTransactionApplier.$r8$lambda$SgowXC58rj3PR958kHUfRgLZmvE:0 
09-17 18:16:08.295  8112  8112 D FlutterJNI: Sending viewport metrics to the engine.
09-17 18:16:08.297  8112  8558 I ViewRootImpl@bdf564[MainActivity]: mWNT: t=0xb400007123a75cd0 mBlastBufferQueue=0xb400007153a2b710 fn= 50 mRenderHdrSdrRatio=1.0 caller= android.view.SyncRtSurfaceTransactionApplier.applyTransaction:96 android.view.SyncRtSurfaceTransactionApplier.lambda$scheduleApply$0:69 android.view.SyncRtSurfaceTransactionApplier.$r8$lambda$SgowXC58rj3PR958kHUfRgLZmvE:0 
09-17 18:16:08.302  8112  8112 D FlutterJNI: Sending viewport metrics to the engine.
09-17 18:16:08.304  8112  8557 I ViewRootImpl@bdf564[MainActivity]: mWNT: t=0xb400007123a72050 mBlastBufferQueue=0xb400007153a2b710 fn= 51 mRenderHdrSdrRatio=1.0 caller= android.view.SyncRtSurfaceTransactionApplier.applyTransaction:96 android.view.SyncRtSurfaceTransactionApplier.lambda$scheduleApply$0:69 android.view.SyncRtSurfaceTransactionApplier.$r8$lambda$SgowXC58rj3PR958kHUfRgLZmvE:0 
09-17 18:16:08.312  8112  8112 D FlutterJNI: Sending viewport metrics to the engine.
09-17 18:16:08.313  8112  8558 I ViewRootImpl@bdf564[MainActivity]: mWNT: t=0xb400007123a78e50 mBlastBufferQueue=0xb400007153a2b710 fn= 52 mRenderHdrSdrRatio=1.0 caller= android.view.SyncRtSurfaceTransactionApplier.applyTransaction:96 android.view.SyncRtSurfaceTransactionApplier.lambda$scheduleApply$0:69 android.view.SyncRtSurfaceTransactionApplier.$r8$lambda$SgowXC58rj3PR958kHUfRgLZmvE:0 
09-17 18:16:08.320  8112  8112 D FlutterJNI: Sending viewport metrics to the engine.
09-17 18:16:08.322  8112  8557 I ViewRootImpl@bdf564[MainActivity]: mWNT: t=0xb400007123a0bd70 mBlastBufferQueue=0xb400007153a2b710 fn= 53 mRenderHdrSdrRatio=1.0 caller= android.view.SyncRtSurfaceTransactionApplier.applyTransaction:96 android.view.SyncRtSurfaceTransactionApplier.lambda$scheduleApply$0:69 android.view.SyncRtSurfaceTransactionApplier.$r8$lambda$SgowXC58rj3PR958kHUfRgLZmvE:0 
09-17 18:16:08.330  8112  8112 D FlutterJNI: Sending viewport metrics to the engine.
09-17 18:16:08.332  8112  8558 I ViewRootImpl@bdf564[MainActivity]: mWNT: t=0xb400007123a3d150 mBlastBufferQueue=0xb400007153a2b710 fn= 54 mRenderHdrSdrRatio=1.0 caller= android.view.SyncRtSurfaceTransactionApplier.applyTransaction:96 android.view.SyncRtSurfaceTransactionApplier.lambda$scheduleApply$0:69 android.view.SyncRtSurfaceTransactionApplier.$r8$lambda$SgowXC58rj3PR958kHUfRgLZmvE:0 
09-17 18:16:08.335  8112  8112 D FlutterJNI: Sending viewport metrics to the engine.
09-17 18:16:08.336  8112  8557 I ViewRootImpl@bdf564[MainActivity]: mWNT: t=0xb400007123a3cbd0 mBlastBufferQueue=0xb400007153a2b710 fn= 55 mRenderHdrSdrRatio=1.0 caller= android.view.SyncRtSurfaceTransactionApplier.applyTransaction:96 android.view.SyncRtSurfaceTransactionApplier.lambda$scheduleApply$0:69 android.view.SyncRtSurfaceTransactionApplier.$r8$lambda$SgowXC58rj3PR958kHUfRgLZmvE:0 
09-17 18:16:08.344  8112  8112 D FlutterJNI: Sending viewport metrics to the engine.
09-17 18:16:08.345  8112  8558 I ViewRootImpl@bdf564[MainActivity]: mWNT: t=0xb400007123a3a6b0 mBlastBufferQueue=0xb400007153a2b710 fn= 56 mRenderHdrSdrRatio=1.0 caller= android.view.SyncRtSurfaceTransactionApplier.applyTransaction:96 android.view.SyncRtSurfaceTransactionApplier.lambda$scheduleApply$0:69 android.view.SyncRtSurfaceTransactionApplier.$r8$lambda$SgowXC58rj3PR958kHUfRgLZmvE:0 
09-17 18:16:08.353  8112  8112 D FlutterJNI: Sending viewport metrics to the engine.
09-17 18:16:08.355  8112  8557 I ViewRootImpl@bdf564[MainActivity]: mWNT: t=0xb400007123a70d10 mBlastBufferQueue=0xb400007153a2b710 fn= 57 mRenderHdrSdrRatio=1.0 caller= android.view.SyncRtSurfaceTransactionApplier.applyTransaction:96 android.view.SyncRtSurfaceTransactionApplier.lambda$scheduleApply$0:69 android.view.SyncRtSurfaceTransactionApplier.$r8$lambda$SgowXC58rj3PR958kHUfRgLZmvE:0 
09-17 18:16:08.360  8112  8112 I InsetsController: cancelAnimation: types=ime, animType=1, host=com.locatemy.crimeqa/com.locatemy.app.MainActivity, from=android.view.InsetsController.notifyFinished:1748 android.view.InsetsAnimationControlImpl.applyChangeInsets:312 android.view.InsetsController.lambda$new$3:918 
09-17 18:16:08.361  8112  8112 I ImeTracker: com.locatemy.crimeqa:7d4af3ee: onRequestHide at ORIGIN_CLIENT_HIDE_SOFT_INPUT reason HIDE_SOFT_INPUT_BY_INSETS_API
09-17 18:16:08.361  8112  8112 I InputMethodManager_LC: notifyImeHidden: IInputMethodManagerGlobalInvoker.hideSoftInput
09-17 18:16:08.363  8112  8112 I ImeTracker: com.locatemy.crimeqa:296c44a: onHidden
09-17 18:16:08.363  8112  8112 D FlutterJNI: Sending viewport metrics to the engine.
09-17 18:16:08.364  8112  8112 D FlutterJNI: Sending viewport metrics to the engine.
09-17 18:16:08.365  8112  8112 D InputMethodManagerUtils: startInputInner - Id : 0
09-17 18:16:08.365  8112  8112 I InputMethodManager: startInputInner - IInputMethodManagerGlobalInvoker.startInputOrWindowGainedFocus
09-17 18:16:08.369  8112  8558 I ViewRootImpl@bdf564[MainActivity]: mWNT: t=0xb400007123a6ec10 mBlastBufferQueue=0xb400007153a2b710 fn= 58 mRenderHdrSdrRatio=1.0 caller= android.view.SyncRtSurfaceTransactionApplier.applyTransaction:96 android.view.SyncRtSurfaceTransactionApplier.lambda$scheduleApply$0:69 android.view.SyncRtSurfaceTransactionApplier.$r8$lambda$SgowXC58rj3PR958kHUfRgLZmvE:0 
09-17 18:16:08.881  8112  8153 I ViewRootImpl@bdf564[MainActivity]: Resizing android.view.ViewRootImpl@8af20c2: frame = [0,0][1080,2400] reportDraw = false forceLayout = false syncSeqId = -1
09-17 18:16:08.882  8112  8112 I InsetsController: onStateChanged: host=com.locatemy.crimeqa/com.locatemy.app.MainActivity, from=android.view.ViewRootImpl$ViewRootHandler.handleMessageImpl:7196, state=InsetsState: {mDisplayFrame=Rect(0, 0 - 1080, 2400), mDisplayCutout=DisplayCutout{insets=Rect(0, 88 - 0, 0) waterfall=Insets{left=0, top=0, right=0, bottom=0} boundingRect={Bounds=[Rect(0, 0 - 0, 0), Rect(512, 0 - 568, 88), Rect(0, 0 - 0, 0), Rect(0, 0 - 0, 0)]} cutoutPathParserInfo={CutoutPathParserInfo{displayWidth=1080 displayHeight=2400 physicalDisplayWidth=1080 physicalDisplayHeight=2400 density={2.8125} cutoutSpec={M 0,0 M 0,11.43427858034597 a 9.899054752987353,9.899054752987353 0 1,0 0,19.79810950597471 a 9.899054752987353,9.899054752987353 0 1,0 0,-19.79810950597471 Z @dp} rotation={0} scale={1.0} physicalPixelDisplaySizeRatio={1.0}}}}, mRoundedCorners=RoundedCorners{[RoundedCorner{position=TopLeft, radius=0, center=Point(0, 0)}, RoundedCorner{position=TopRight, radius=0, center=Point(0, 0)}, RoundedCorner{position=BottomRight, radius=0, center=Point(0, 0)}, RoundedCorner{position=BottomLeft, radius=0, center=Point(0, 0)}]}  mRoundedCornerFrame=Rect(0, 0 - 1080, 2400), mPrivacyIndicatorBounds=PrivacyIndicatorBounds {static bounds=Rect(956, 0 - 1080, 88) rotation=0}, mDisplayShape=DisplayShape{ spec=-311912193 displayWidth=1080 displayHeight=2400 physicalPixelDisplaySizeRatio=1.0 rotation=0 offsetX=0 offsetY=0 scale=1.0}, mSources= { InsetsSource: {3 mType=ime mFrame=[0,0][0,0] mVisible=false mFlags=[]}, InsetsSource: {27 mType=displayCutout mFrame=[0,0][1080,88] mVisible=true mFlags=[]}, InsetsSource: {23820000 mType=statusBars mFrame=[0,0][1080,88] mVisible=true mFlags=[]}, InsetsSource: {23820005 mType=mandatorySystemGestures mFrame=[0,0][1080,122] mVisible=true mFlags=[]}, InsetsSource: {23820006 mType=tappableElement mFrame=[0,0][1080,88] mVisible=true mFlags=[]}, InsetsSource: {37b40001 mType=navigationBars mFrame=[0,2265][1080,2400] mVisible=true mFlags=[]}, InsetsSource: {37b40004 mType=systemGestures mFrame=[0,0][0,0] mVisible=true mFlags=[]}, InsetsSource: {37b40005 mType=mandatorySystemGestures mFrame=[0,2265][1080,2400] mVisible=true mFlags=[]}, InsetsSource: {37b40006 mType=tappableElement mFrame=[0,2265][1080,2400] mVisible=true mFlags=[]}, InsetsSource: {37b40024 mType=systemGestures mFrame=[0,0][0,0] mVisible=true mFlags=[]} }
09-17 18:16:08.882  8112  8112 I ViewRootImpl@bdf564[MainActivity]: handleResized, msg = 4 frames=ClientWindowFrames{frame=[0,0][1080,2400] display=[0,0][1080,2400] parentFrame=[0,0][0,0]} forceNextWindowRelayout=false displayId=0 dragResizing=false compatScale=1.0 frameChanged=false attachedFrameChanged=false configChanged=false displayChanged=false compatScaleChanged=false
09-17 18:16:08.887  8112  8153 I ViewRootImpl@bdf564[MainActivity]: Resizing android.view.ViewRootImpl@8af20c2: frame = [0,0][1080,2400] reportDraw = false forceLayout = false syncSeqId = -1
09-17 18:16:08.888  8112  8112 I InsetsController: onStateChanged: host=com.locatemy.crimeqa/com.locatemy.app.MainActivity, from=android.view.ViewRootImpl$ViewRootHandler.handleMessageImpl:7196, state=InsetsState: {mDisplayFrame=Rect(0, 0 - 1080, 2400), mDisplayCutout=DisplayCutout{insets=Rect(0, 88 - 0, 0) waterfall=Insets{left=0, top=0, right=0, bottom=0} boundingRect={Bounds=[Rect(0, 0 - 0, 0), Rect(512, 0 - 568, 88), Rect(0, 0 - 0, 0), Rect(0, 0 - 0, 0)]} cutoutPathParserInfo={CutoutPathParserInfo{displayWidth=1080 displayHeight=2400 physicalDisplayWidth=1080 physicalDisplayHeight=2400 density={2.8125} cutoutSpec={M 0,0 M 0,11.43427858034597 a 9.899054752987353,9.899054752987353 0 1,0 0,19.79810950597471 a 9.899054752987353,9.899054752987353 0 1,0 0,-19.79810950597471 Z @dp} rotation={0} scale={1.0} physicalPixelDisplaySizeRatio={1.0}}}}, mRoundedCorners=RoundedCorners{[RoundedCorner{position=TopLeft, radius=0, center=Point(0, 0)}, RoundedCorner{position=TopRight, radius=0, center=Point(0, 0)}, RoundedCorner{position=BottomRight, radius=0, center=Point(0, 0)}, RoundedCorner{position=BottomLeft, radius=0, center=Point(0, 0)}]}  mRoundedCornerFrame=Rect(0, 0 - 1080, 2400), mPrivacyIndicatorBounds=PrivacyIndicatorBounds {static bounds=Rect(956, 0 - 1080, 88) rotation=0}, mDisplayShape=DisplayShape{ spec=-311912193 displayWidth=1080 displayHeight=2400 physicalPixelDisplaySizeRatio=1.0 rotation=0 offsetX=0 offsetY=0 scale=1.0}, mSources= { InsetsSource: {3 mType=ime mFrame=[0,0][0,0] mVisible=false mFlags=[]}, InsetsSource: {27 mType=displayCutout mFrame=[0,0][1080,88] mVisible=true mFlags=[]}, InsetsSource: {23820000 mType=statusBars mFrame=[0,0][1080,88] mVisible=true mFlags=[]}, InsetsSource: {23820005 mType=mandatorySystemGestures mFrame=[0,0][1080,122] mVisible=true mFlags=[]}, InsetsSource: {23820006 mType=tappableElement mFrame=[0,0][1080,88] mVisible=true mFlags=[]}, InsetsSource: {37b40001 mType=navigationBars mFrame=[0,2265][1080,2400] mVisible=true mFlags=[]}, InsetsSource: {37b40004 mType=systemGestures mFrame=[0,0][0,0] mVisible=true mFlags=[]}, InsetsSource: {37b40005 mType=mandatorySystemGestures mFrame=[0,2265][1080,2400] mVisible=true mFlags=[]}, InsetsSource: {37b40006 mType=tappableElement mFrame=[0,2265][1080,2400] mVisible=true mFlags=[]}, InsetsSource: {37b40024 mType=systemGestures mFrame=[0,0][0,0] mVisible=true mFlags=[]} }
09-17 18:16:08.888  8112  8112 I ViewRootImpl@bdf564[MainActivity]: handleResized, msg = 4 frames=ClientWindowFrames{frame=[0,0][1080,2400] display=[0,0][1080,2400] parentFrame=[0,0][0,0]} forceNextWindowRelayout=false displayId=0 dragResizing=false compatScale=1.0 frameChanged=false attachedFrameChanged=false configChanged=false displayChanged=false compatScaleChanged=false
09-17 18:16:11.140  8112  8112 I ViewRootImpl@bdf564[MainActivity]: ViewPostIme pointer 0
09-17 18:16:11.147  8112  8112 I ViewRootImpl@bdf564[MainActivity]: ViewPostIme pointer 1
09-17 18:16:11.147  8112  8112 I ViewRootImpl@bdf564[MainActivity]: MSG_WINDOW_TOUCH_MODE_CHANGED 
09-17 18:16:11.258  8112  8112 D InputMethodManagerUtils: startInputInner - Id : 0
09-17 18:16:11.259  8112  8112 I InputMethodManager: startInputInner - IInputMethodManagerGlobalInvoker.startInputOrWindowGainedFocus
09-17 18:16:11.263  8112  8112 I ImeTracker: com.locatemy.crimeqa:cbf808ea: onRequestHide at ORIGIN_CLIENT_HIDE_SOFT_INPUT reason HIDE_SOFT_INPUT
09-17 18:16:11.263  8112  8112 I InputMethodManager_LC: hsifw() - flag : 0
09-17 18:16:11.263  8112  8112 I InputMethodManager_LC: hsifw() - mService.hideSoftInput
09-17 18:16:11.481  8112  8112 I flutter : {"event":"map.select.completed","feature":"map_location","result":"success","duration_bucket":"under1s","correlation_id":"map-3"}
09-17 18:16:11.777  8112  8112 I flutter : {"event":"map.layer.completed","feature":"map_location","result":"success","duration_bucket":"under100ms","correlation_id":"map-4"}
09-17 18:16:16.381  8112  8112 I ViewRootImpl@bdf564[MainActivity]: ViewPostIme pointer 0
09-17 18:16:16.390  8112  8112 I ViewRootImpl@bdf564[MainActivity]: ViewPostIme pointer 1
09-17 18:16:17.295  8112  8112 I flutter : {"event":"facility.analyse.completed","feature":"nearby_facilities","result":"fresh","duration_bucket":"under10s","correlation_id":"facility-1"}
09-17 18:16:18.152  8112  8112 I flutter : {"event":"facility.analyse.completed","feature":"nearby_facilities","result":"fresh","duration_bucket":"under10s","correlation_id":"facility-2"}
09-17 18:16:19.447  8112  8112 I ViewRootImpl@bdf564[MainActivity]: ViewPostIme pointer 0
09-17 18:16:19.457  8112  8112 I ViewRootImpl@bdf564[MainActivity]: ViewPostIme pointer 1
09-17 18:16:27.188  8112  8112 I ViewRootImpl@bdf564[MainActivity]: ViewPostIme pointer 0
09-17 18:16:27.195  8112  8112 I ViewRootImpl@bdf564[MainActivity]: ViewPostIme pointer 1
09-17 18:16:32.830  8112  8112 I ViewRootImpl@bdf564[MainActivity]: ViewPostIme pointer 0
09-17 18:16:32.834  8112  8112 I ViewRootImpl@bdf564[MainActivity]: ViewPostIme pointer 1
09-17 18:16:35.757  8112  8112 I ViewRootImpl@bdf564[MainActivity]: ViewPostIme pointer 0
09-17 18:16:35.767  8112  8112 I ViewRootImpl@bdf564[MainActivity]: ViewPostIme pointer 1
09-17 18:16:41.322  8112  8112 I ViewRootImpl@bdf564[MainActivity]: ViewPostIme pointer 0
09-17 18:16:41.326  8112  8112 I ViewRootImpl@bdf564[MainActivity]: ViewPostIme pointer 1
09-17 18:16:42.096  8112  8112 I flutter : {"event":"map.layer.completed","feature":"map_location","result":"scopeUnavailable","duration_bucket":"10sOrMore","correlation_id":"map-5"}
09-17 18:16:42.096  8112  8112 I flutter : {"event":"facility.contributeLayer.completed","feature":"nearby_facilities","result":"scopeUnavailable","duration_bucket":"10sOrMore","correlation_id":"facility-3"}
09-17 18:16:46.444  8112  8112 I ViewRootImpl@bdf564[MainActivity]: ViewPostIme pointer 0
09-17 18:16:46.793  8112  8112 I ViewRootImpl@bdf564[MainActivity]: ViewPostIme pointer 1
09-17 18:16:49.751  8112  8112 I ViewRootImpl@bdf564[MainActivity]: ViewPostIme pointer 0
09-17 18:16:49.754  8112  8112 I ViewRootImpl@bdf564[MainActivity]: ViewPostIme pointer 1
09-17 18:16:52.709  8112  8112 I ViewRootImpl@bdf564[MainActivity]: ViewPostIme pointer 0
09-17 18:16:53.060  8112  8112 I ViewRootImpl@bdf564[MainActivity]: ViewPostIme pointer 1
09-17 18:16:55.957  8112  8112 I ViewRootImpl@bdf564[MainActivity]: ViewPostIme pointer 0
09-17 18:16:56.308  8112  8112 I ViewRootImpl@bdf564[MainActivity]: ViewPostIme pointer 1
09-17 18:16:59.229  8112  8112 I ViewRootImpl@bdf564[MainActivity]: ViewPostIme pointer 0
09-17 18:16:59.576  8112  8112 I ViewRootImpl@bdf564[MainActivity]: ViewPostIme pointer 1
09-17 18:17:02.436  8112  8112 I ViewRootImpl@bdf564[MainActivity]: ViewPostIme pointer 0
09-17 18:17:02.786  8112  8112 I ViewRootImpl@bdf564[MainActivity]: ViewPostIme pointer 1
09-17 18:17:05.710  8112  8112 I ViewRootImpl@bdf564[MainActivity]: ViewPostIme pointer 0
09-17 18:17:05.843  8112  8138 D InputTransport: Input channel destroyed: 'ClientS', fd=165
09-17 18:17:05.843  8112  8138 D InputTransport: Input channel destroyed: 'ClientS', fd=145
09-17 18:17:05.843  8112  8138 D InputTransport: Input channel destroyed: 'ClientS', fd=142
09-17 18:17:05.844  8112  8138 D InputTransport: Input channel destroyed: 'ClientS', fd=198
09-17 18:17:06.058  8112  8112 I ViewRootImpl@bdf564[MainActivity]: ViewPostIme pointer 1
09-17 18:17:08.956  8112  8112 I ViewRootImpl@bdf564[MainActivity]: ViewPostIme pointer 0
09-17 18:17:09.303  8112  8112 I ViewRootImpl@bdf564[MainActivity]: ViewPostIme pointer 1
09-17 18:17:12.158  8112  8112 I ViewRootImpl@bdf564[MainActivity]: ViewPostIme pointer 0
09-17 18:17:12.507  8112  8112 I ViewRootImpl@bdf564[MainActivity]: ViewPostIme pointer 1
09-17 18:17:15.411  8112  8112 I ViewRootImpl@bdf564[MainActivity]: ViewPostIme pointer 0
09-17 18:17:15.759  8112  8112 I ViewRootImpl@bdf564[MainActivity]: ViewPostIme pointer 1
09-17 18:17:25.605  8112  8112 I ViewRootImpl@bdf564[MainActivity]: ViewPostIme pointer 0
09-17 18:17:25.953  8112  8112 I ViewRootImpl@bdf564[MainActivity]: ViewPostIme pointer 1
09-17 18:17:28.884  8112  8112 I ViewRootImpl@bdf564[MainActivity]: ViewPostIme pointer 0
09-17 18:17:28.888  8112  8112 I ViewRootImpl@bdf564[MainActivity]: ViewPostIme pointer 1
09-17 18:17:31.926  8112  8112 I ViewRootImpl@bdf564[MainActivity]: ViewPostIme pointer 0
09-17 18:17:32.275  8112  8112 I ViewRootImpl@bdf564[MainActivity]: ViewPostIme pointer 1
09-17 18:17:35.174  8112  8112 I ViewRootImpl@bdf564[MainActivity]: ViewPostIme pointer 0
09-17 18:17:35.518  8112  8112 I ViewRootImpl@bdf564[MainActivity]: ViewPostIme pointer 1
09-17 18:17:38.382  8112  8112 I ViewRootImpl@bdf564[MainActivity]: ViewPostIme pointer 0
09-17 18:17:38.729  8112  8112 I ViewRootImpl@bdf564[MainActivity]: ViewPostIme pointer 1
09-17 18:17:41.613  8112  8112 I ViewRootImpl@bdf564[MainActivity]: ViewPostIme pointer 0
09-17 18:17:41.963  8112  8112 I ViewRootImpl@bdf564[MainActivity]: ViewPostIme pointer 1
09-17 18:17:44.812  8112  8112 I ViewRootImpl@bdf564[MainActivity]: ViewPostIme pointer 0
09-17 18:17:45.160  8112  8112 I ViewRootImpl@bdf564[MainActivity]: ViewPostIme pointer 1
09-17 18:17:47.969  8112  8112 I ViewRootImpl@bdf564[MainActivity]: ViewPostIme pointer 0
09-17 18:17:48.317  8112  8112 I ViewRootImpl@bdf564[MainActivity]: ViewPostIme pointer 1
09-17 18:17:51.189  8112  8112 I ViewRootImpl@bdf564[MainActivity]: ViewPostIme pointer 0
09-17 18:17:51.536  8112  8112 I ViewRootImpl@bdf564[MainActivity]: ViewPostIme pointer 1
09-17 18:17:54.428  8112  8112 I ViewRootImpl@bdf564[MainActivity]: ViewPostIme pointer 0
09-17 18:17:54.776  8112  8112 I ViewRootImpl@bdf564[MainActivity]: ViewPostIme pointer 1
09-17 18:18:02.469  8112  8112 I ViewRootImpl@bdf564[MainActivity]: ViewPostIme pointer 0
09-17 18:18:02.473  8112  8112 I ViewRootImpl@bdf564[MainActivity]: ViewPostIme pointer 1
09-17 18:18:02.718  8112  8112 I flutter : {"event":"map.select.completed","feature":"map_location","result":"success","duration_bucket":"under1s","correlation_id":"map-6"}
09-17 18:18:02.896  8112  8112 I flutter : [38;5;12m┌───────────────────────────────────────────────────────────────────────────────────────────────────────────────────────[0m
09-17 18:18:02.896  8112  8112 I flutter : [38;5;12m│ 💡 [1m[3mflutter_map[0m[0m
09-17 18:18:02.896  8112  8112 I flutter : [38;5;12m│ 💡 flutter_map wants to help keep map data available for everyone.[0m
09-17 18:18:02.896  8112  8112 I flutter : [38;5;12m│ 💡 We use the OpenStreetMap public tile servers in our code examples & demo app,[0m
09-17 18:18:02.896  8112  8112 I flutter : [38;5;12m│ 💡 but they are NOT free to use by everyone. Please review whether OSM's tile[0m
09-17 18:18:02.896  8112  8112 I flutter : [38;5;12m│ 💡 servers are appropriate and the best choice for your app.[0m
09-17 18:18:02.896  8112  8112 I flutter : [38;5;12m│ 💡 See:[0m
09-17 18:18:02.896  8112  8112 I flutter : [38;5;12m│ 💡  * https://operations.osmfoundation.org/policies/tiles (OSM Tile Usage Policy)[0m
09-17 18:18:02.896  8112  8112 I flutter : [38;5;12m│ 💡  * https://docs.fleaflet.dev/osm-warn for more information about this warning[0m
09-17 18:18:02.896  8112  8112 I flutter : [38;5;12m└───────────────────────────────────────────────────────────────────────────────────────────────────────────────────────[0m
09-17 18:18:03.105  8112  8112 I flutter : {"event":"facility.analyse.completed","feature":"nearby_facilities","result":"cached","duration_bucket":"under100ms","correlation_id":"facility-4"}
09-17 18:18:03.209  8112  8112 I flutter : {"event":"map.load_saved.completed","feature":"map_location","result":"success","duration_bucket":"under1s","correlation_id":"map-7"}
09-17 18:18:03.308  8112  8112 I flutter : {"event":"map.layer.completed","feature":"map_location","result":"success","duration_bucket":"under100ms","correlation_id":"map-8"}
09-17 18:18:10.230  8112  8112 I ViewRootImpl@bdf564[MainActivity]: ViewPostIme pointer 0
09-17 18:18:10.235  8112  8112 I ViewRootImpl@bdf564[MainActivity]: ViewPostIme pointer 1
09-17 18:18:13.183  8112  8112 I ViewRootImpl@bdf564[MainActivity]: ViewPostIme pointer 0
09-17 18:18:13.186  8112  8112 I ViewRootImpl@bdf564[MainActivity]: ViewPostIme pointer 1
09-17 18:18:16.069  8112  8112 I ViewRootImpl@bdf564[MainActivity]: ViewPostIme pointer 0
09-17 18:18:16.072  8112  8112 I ViewRootImpl@bdf564[MainActivity]: ViewPostIme pointer 1
09-17 18:18:16.084  8112  8112 D InputMethodManagerUtils: startInputInner - Id : 0
09-17 18:18:16.084  8112  8112 I InputMethodManager: startInputInner - IInputMethodManagerGlobalInvoker.startInputOrWindowGainedFocus
09-17 18:18:16.087  8112  8112 I InputMethodManager_LC: showSoftInput(View,I)
09-17 18:18:16.088  8112  8112 I ImeTracker: com.locatemy.crimeqa:84ea42f1: onRequestShow at ORIGIN_CLIENT_SHOW_SOFT_INPUT reason SHOW_SOFT_INPUT
09-17 18:18:16.088  8112  8112 I InputMethodManager_LC: ssi(): flags=0 view=com.locatemy.crimeqa reason = SHOW_SOFT_INPUT
09-17 18:18:16.088  8112  8112 I InputMethodManager_LC: ssi() view is not EditText
09-17 18:18:16.088  8112  8112 D InputMethodManager: showSoftInput() view=io.flutter.embedding.android.FlutterView{cdd8cad VFE...... .F...... 0,0-1080,2265 #1 aid=1073741824} flags=0 reason=SHOW_SOFT_INPUT
09-17 18:18:16.096  8112  8112 I AssistStructure: Flattened final assist data: 380 bytes, containing 1 windows, 3 views
09-17 18:18:16.117  8112  8112 D InputConnectionAdaptor: The input method toggled cursor monitoring on
09-17 18:18:16.121  8112  8148 I ViewRootImpl@bdf564[MainActivity]: Resizing android.view.ViewRootImpl@8af20c2: frame = [0,0][1080,2400] reportDraw = false forceLayout = false syncSeqId = -1
09-17 18:18:16.131  8112  8112 I InsetsController: onStateChanged: host=com.locatemy.crimeqa/com.locatemy.app.MainActivity, from=android.view.ViewRootImpl$ViewRootHandler.handleMessageImpl:7209, state=InsetsState: {mDisplayFrame=Rect(0, 0 - 1080, 2400), mDisplayCutout=DisplayCutout{insets=Rect(0, 88 - 0, 0) waterfall=Insets{left=0, top=0, right=0, bottom=0} boundingRect={Bounds=[Rect(0, 0 - 0, 0), Rect(512, 0 - 568, 88), Rect(0, 0 - 0, 0), Rect(0, 0 - 0, 0)]} cutoutPathParserInfo={CutoutPathParserInfo{displayWidth=1080 displayHeight=2400 physicalDisplayWidth=1080 physicalDisplayHeight=2400 density={2.8125} cutoutSpec={M 0,0 M 0,11.43427858034597 a 9.899054752987353,9.899054752987353 0 1,0 0,19.79810950597471 a 9.899054752987353,9.899054752987353 0 1,0 0,-19.79810950597471 Z @dp} rotation={0} scale={1.0} physicalPixelDisplaySizeRatio={1.0}}}}, mRoundedCorners=RoundedCorners{[RoundedCorner{position=TopLeft, radius=0, center=Point(0, 0)}, RoundedCorner{position=TopRight, radius=0, center=Point(0, 0)}, RoundedCorner{position=BottomRight, radius=0, center=Point(0, 0)}, RoundedCorner{position=BottomLeft, radius=0, center=Point(0, 0)}]}  mRoundedCornerFrame=Rect(0, 0 - 1080, 2400), mPrivacyIndicatorBounds=PrivacyIndicatorBounds {static bounds=Rect(956, 0 - 1080, 88) rotation=0}, mDisplayShape=DisplayShape{ spec=-311912193 displayWidth=1080 displayHeight=2400 physicalPixelDisplaySizeRatio=1.0 rotation=0 offsetX=0 offsetY=0 scale=1.0}, mSources= { InsetsSource: {3 mType=ime mFrame=[0,2265][1080,2400] mVisible=false mFlags=[]}, InsetsSource: {27 mType=displayCutout mFrame=[0,0][1080,88] mVisible=true mFlags=[]}, InsetsSource: {23820000 mType=statusBars mFrame=[0,0][1080,88] mVisible=true mFlags=[]}, InsetsSource: {23820005 mType=mandatorySystemGestures mFrame=[0,0][1080,122] mVisible=true mFlags=[]}, InsetsSource: {23820006 mType=tappableElement mFrame=[0,0][1080,88] mVisible=true mFlags=[]}, InsetsSource: {37b40001 mType=navigationBars mFrame=[0,2265][1080,2400] mVisible=true mFlags=[]}, InsetsSource: {37b40004 mType=systemGestures mFrame=[0,0][0,0] mVisible=true mFlags=[]}, InsetsSource: {37b40005 mType=mandatorySystemGestures mFrame=[0,2265][1080,2400] mVisible=true mFlags=[]}, InsetsSource: {37b40006 mType=tappableElement mFrame=[0,2265][1080,2400] mVisible=true mFlags=[]}, InsetsSource: {37b40024 mType=systemGestures mFrame=[0,0][0,0] mVisible=true mFlags=[]} }
09-17 18:18:16.131  8112  8112 I InsetsSourceConsumer: applyRequestedVisibilityToControl: visible=false, type=ime, host=com.locatemy.crimeqa/com.locatemy.app.MainActivity
09-17 18:18:16.133  8112  8148 I ViewRootImpl@bdf564[MainActivity]: Resizing android.view.ViewRootImpl@8af20c2: frame = [0,0][1080,2400] reportDraw = false forceLayout = false syncSeqId = -1
09-17 18:18:16.134  8112  8112 I ViewRootImpl@bdf564[MainActivity]: handleResized, msg = 4 frames=ClientWindowFrames{frame=[0,0][1080,2400] display=[0,0][1080,2400] parentFrame=[0,0][0,0]} forceNextWindowRelayout=false displayId=0 dragResizing=false compatScale=1.0 frameChanged=false attachedFrameChanged=false configChanged=false displayChanged=false compatScaleChanged=false
09-17 18:18:16.135  8112  8112 I InsetsController: onStateChanged: host=com.locatemy.crimeqa/com.locatemy.app.MainActivity, from=android.view.ViewRootImpl$ViewRootHandler.handleMessageImpl:7209, state=InsetsState: {mDisplayFrame=Rect(0, 0 - 1080, 2400), mDisplayCutout=DisplayCutout{insets=Rect(0, 88 - 0, 0) waterfall=Insets{left=0, top=0, right=0, bottom=0} boundingRect={Bounds=[Rect(0, 0 - 0, 0), Rect(512, 0 - 568, 88), Rect(0, 0 - 0, 0), Rect(0, 0 - 0, 0)]} cutoutPathParserInfo={CutoutPathParserInfo{displayWidth=1080 displayHeight=2400 physicalDisplayWidth=1080 physicalDisplayHeight=2400 density={2.8125} cutoutSpec={M 0,0 M 0,11.43427858034597 a 9.899054752987353,9.899054752987353 0 1,0 0,19.79810950597471 a 9.899054752987353,9.899054752987353 0 1,0 0,-19.79810950597471 Z @dp} rotation={0} scale={1.0} physicalPixelDisplaySizeRatio={1.0}}}}, mRoundedCorners=RoundedCorners{[RoundedCorner{position=TopLeft, radius=0, center=Point(0, 0)}, RoundedCorner{position=TopRight, radius=0, center=Point(0, 0)}, RoundedCorner{position=BottomRight, radius=0, center=Point(0, 0)}, RoundedCorner{position=BottomLeft, radius=0, center=Point(0, 0)}]}  mRoundedCornerFrame=Rect(0, 0 - 1080, 2400), mPrivacyIndicatorBounds=PrivacyIndicatorBounds {static bounds=Rect(956, 0 - 1080, 88) rotation=0}, mDisplayShape=DisplayShape{ spec=-311912193 displayWidth=1080 displayHeight=2400 physicalPixelDisplaySizeRatio=1.0 rotation=0 offsetX=0 offsetY=0 scale=1.0}, mSources= { InsetsSource: {3 mType=ime mFrame=[0,1548][1080,2400] mVisible=false mFlags=[]}, InsetsSource: {27 mType=displayCutout mFrame=[0,0][1080,88] mVisible=true mFlags=[]}, InsetsSource: {23820000 mType=statusBars mFrame=[0,0][1080,88] mVisible=true mFlags=[]}, InsetsSource: {23820005 mType=mandatorySystemGestures mFrame=[0,0][1080,122] mVisible=true mFlags=[]}, InsetsSource: {23820006 mType=tappableElement mFrame=[0,0][1080,88] mVisible=true mFlags=[]}, InsetsSource: {37b40001 mType=navigationBars mFrame=[0,2265][1080,2400] mVisible=true mFlags=[]}, InsetsSource: {37b40004 mType=systemGestures mFrame=[0,0][0,0] mVisible=true mFlags=[]}, InsetsSource: {37b40005 mType=mandatorySystemGestures mFrame=[0,2265][1080,2400] mVisible=true mFlags=[]}, InsetsSource: {37b40006 mType=tappableElement mFrame=[0,2265][1080,2400] mVisible=true mFlags=[]}, InsetsSource: {37b40024 mType=systemGestures mFrame=[0,0][0,0] mVisible=true mFlags=[]} }
09-17 18:18:16.136  8112  8112 I InsetsSourceConsumer: applyRequestedVisibilityToControl: visible=false, type=ime, host=com.locatemy.crimeqa/com.locatemy.app.MainActivity
09-17 18:18:16.137  8112  8112 I ViewRootImpl@bdf564[MainActivity]: handleResized, msg = 4 frames=ClientWindowFrames{frame=[0,0][1080,2400] display=[0,0][1080,2400] parentFrame=[0,0][0,0]} forceNextWindowRelayout=false displayId=0 dragResizing=false compatScale=1.0 frameChanged=false attachedFrameChanged=false configChanged=false displayChanged=false compatScaleChanged=false
09-17 18:18:16.147  8112  8112 D InsetsController: show(ime(), fromIme=true)
09-17 18:18:16.147  8112  8112 I InsetsController: setRequestedVisibleTypes: visible=true, mask=ime, host=com.locatemy.crimeqa/com.locatemy.app.MainActivity, from=android.view.InsetsController.controlAnimationUnchecked:1445 android.view.InsetsController.applyAnimation:2005 android.view.InsetsController.applyAnimation:1968 android.view.InsetsController.show:1309 android.view.ViewRootImpl$ViewRootHandler.handleMessageImpl:7233 android.view.ViewRootImpl$ViewRootHandler.handleMessage:7166 android.os.Handler.dispatchMessage:106 android.os.Looper.loopOnce:230 android.os.Looper.loop:319 android.app.ActivityThread.main:8919 
09-17 18:18:16.148  8112  8112 I InsetsController: controlAnimationUncheckedInner: Added types=ime, animType=0, host=com.locatemy.crimeqa/com.locatemy.app.MainActivity, from=android.view.InsetsController.controlAnimationUnchecked:1449 android.view.InsetsController.applyAnimation:2005 android.view.InsetsController.applyAnimation:1968 
09-17 18:18:16.155  8112  8112 D FlutterJNI: Sending viewport metrics to the engine.
09-17 18:18:16.157  8112  8148 I ViewRootImpl@bdf564[MainActivity]: Resizing android.view.ViewRootImpl@8af20c2: frame = [0,0][1080,2400] reportDraw = false forceLayout = false syncSeqId = -1
09-17 18:18:16.160  8112  8557 I ViewRootImpl@bdf564[MainActivity]: mWNT: t=0xb400007123a6b250 mBlastBufferQueue=0xb400007153a2b710 fn= 147 mRenderHdrSdrRatio=1.0 caller= android.view.SyncRtSurfaceTransactionApplier.applyTransaction:96 android.view.SyncRtSurfaceTransactionApplier.lambda$scheduleApply$0:69 android.view.SyncRtSurfaceTransactionApplier.$r8$lambda$SgowXC58rj3PR958kHUfRgLZmvE:0 
09-17 18:18:16.168  8112  8112 I InsetsController: onStateChanged: host=com.locatemy.crimeqa/com.locatemy.app.MainActivity, from=android.view.ViewRootImpl$ViewRootHandler.handleMessageImpl:7209, state=InsetsState: {mDisplayFrame=Rect(0, 0 - 1080, 2400), mDisplayCutout=DisplayCutout{insets=Rect(0, 88 - 0, 0) waterfall=Insets{left=0, top=0, right=0, bottom=0} boundingRect={Bounds=[Rect(0, 0 - 0, 0), Rect(512, 0 - 568, 88), Rect(0, 0 - 0, 0), Rect(0, 0 - 0, 0)]} cutoutPathParserInfo={CutoutPathParserInfo{displayWidth=1080 displayHeight=2400 physicalDisplayWidth=1080 physicalDisplayHeight=2400 density={2.8125} cutoutSpec={M 0,0 M 0,11.43427858034597 a 9.899054752987353,9.899054752987353 0 1,0 0,19.79810950597471 a 9.899054752987353,9.899054752987353 0 1,0 0,-19.79810950597471 Z @dp} rotation={0} scale={1.0} physicalPixelDisplaySizeRatio={1.0}}}}, mRoundedCorners=RoundedCorners{[RoundedCorner{position=TopLeft, radius=0, center=Point(0, 0)}, RoundedCorner{position=TopRight, radius=0, center=Point(0, 0)}, RoundedCorner{position=BottomRight, radius=0, center=Point(0, 0)}, RoundedCorner{position=BottomLeft, radius=0, center=Point(0, 0)}]}  mRoundedCornerFrame=Rect(0, 0 - 1080, 2400), mPrivacyIndicatorBounds=PrivacyIndicatorBounds {static bounds=Rect(956, 0 - 1080, 88) rotation=0}, mDisplayShape=DisplayShape{ spec=-311912193 displayWidth=1080 displayHeight=2400 physicalPixelDisplaySizeRatio=1.0 rotation=0 offsetX=0 offsetY=0 scale=1.0}, mSources= { InsetsSource: {3 mType=ime mFrame=[0,1548][1080,2400] mVisible=true mFlags=[]}, InsetsSource: {27 mType=displayCutout mFrame=[0,0][1080,88] mVisible=true mFlags=[]}, InsetsSource: {23820000 mType=statusBars mFrame=[0,0][1080,88] mVisible=true mFlags=[]}, InsetsSource: {23820005 mType=mandatorySystemGestures mFrame=[0,0][1080,122] mVisible=true mFlags=[]}, InsetsSource: {23820006 mType=tappableElement mFrame=[0,0][1080,88] mVisible=true mFlags=[]}, InsetsSource: {37b40001 mType=navigationBars mFrame=[0,2265][1080,2400] mVisible=true mFlags=[]}, InsetsSource: {37b40004 mType=systemGestures mFrame=[0,0][0,0] mVisible=true mFlags=[]}, InsetsSource: {37b40005 mType=mandatorySystemGestures mFrame=[0,2265][1080,2400] mVisible=true mFlags=[]}, InsetsSource: {37b40006 mType=tappableElement mFrame=[0,2265][1080,2400] mVisible=true mFlags=[]}, InsetsSource: {37b40024 mType=systemGestures mFrame=[0,0][0,0] mVisible=true mFlags=[]} }
09-17 18:18:16.170  8112  8112 I ViewRootImpl@bdf564[MainActivity]: handleResized, msg = 4 frames=ClientWindowFrames{frame=[0,0][1080,2400] display=[0,0][1080,2400] parentFrame=[0,0][0,0]} forceNextWindowRelayout=false displayId=0 dragResizing=false compatScale=1.0 frameChanged=false attachedFrameChanged=false configChanged=false displayChanged=false compatScaleChanged=false
09-17 18:18:16.170  8112  8112 D FlutterJNI: Sending viewport metrics to the engine.
09-17 18:18:16.172  8112  8558 I ViewRootImpl@bdf564[MainActivity]: mWNT: t=0xb400007123a7ba50 mBlastBufferQueue=0xb400007153a2b710 fn= 148 mRenderHdrSdrRatio=1.0 caller= android.view.SyncRtSurfaceTransactionApplier.applyTransaction:96 android.view.SyncRtSurfaceTransactionApplier.lambda$scheduleApply$0:69 android.view.SyncRtSurfaceTransactionApplier.$r8$lambda$SgowXC58rj3PR958kHUfRgLZmvE:0 
09-17 18:18:16.178  8112  8112 D FlutterJNI: Sending viewport metrics to the engine.
09-17 18:18:16.180  8112  8557 I ViewRootImpl@bdf564[MainActivity]: mWNT: t=0xb400007123a6dcf0 mBlastBufferQueue=0xb400007153a2b710 fn= 149 mRenderHdrSdrRatio=1.0 caller= android.view.SyncRtSurfaceTransactionApplier.applyTransaction:96 android.view.SyncRtSurfaceTransactionApplier.lambda$scheduleApply$0:69 android.view.SyncRtSurfaceTransactionApplier.$r8$lambda$SgowXC58rj3PR958kHUfRgLZmvE:0 
09-17 18:18:16.191  8112  8112 D FlutterJNI: Sending viewport metrics to the engine.
09-17 18:18:16.192  8112  8558 I ViewRootImpl@bdf564[MainActivity]: mWNT: t=0xb400007123a0d630 mBlastBufferQueue=0xb400007153a2b710 fn= 150 mRenderHdrSdrRatio=1.0 caller= android.view.SyncRtSurfaceTransactionApplier.applyTransaction:96 android.view.SyncRtSurfaceTransactionApplier.lambda$scheduleApply$0:69 android.view.SyncRtSurfaceTransactionApplier.$r8$lambda$SgowXC58rj3PR958kHUfRgLZmvE:0 
09-17 18:18:16.195  8112  8112 D FlutterJNI: Sending viewport metrics to the engine.
09-17 18:18:16.197  8112  8557 I ViewRootImpl@bdf564[MainActivity]: mWNT: t=0xb400007123a36e50 mBlastBufferQueue=0xb400007153a2b710 fn= 151 mRenderHdrSdrRatio=1.0 caller= android.view.SyncRtSurfaceTransactionApplier.applyTransaction:96 android.view.SyncRtSurfaceTransactionApplier.lambda$scheduleApply$0:69 android.view.SyncRtSurfaceTransactionApplier.$r8$lambda$SgowXC58rj3PR958kHUfRgLZmvE:0 
09-17 18:18:16.204  8112  8112 D FlutterJNI: Sending viewport metrics to the engine.
09-17 18:18:16.206  8112  8558 I ViewRootImpl@bdf564[MainActivity]: mWNT: t=0xb400007123a85190 mBlastBufferQueue=0xb400007153a2b710 fn= 152 mRenderHdrSdrRatio=1.0 caller= android.view.SyncRtSurfaceTransactionApplier.applyTransaction:96 android.view.SyncRtSurfaceTransactionApplier.lambda$scheduleApply$0:69 android.view.SyncRtSurfaceTransactionApplier.$r8$lambda$SgowXC58rj3PR958kHUfRgLZmvE:0 
09-17 18:18:16.211  8112  8112 D FlutterJNI: Sending viewport metrics to the engine.
09-17 18:18:16.211  8112  8557 I ViewRootImpl@bdf564[MainActivity]: mWNT: t=0xb400007123a860b0 mBlastBufferQueue=0xb400007153a2b710 fn= 153 mRenderHdrSdrRatio=1.0 caller= android.view.SyncRtSurfaceTransactionApplier.applyTransaction:96 android.view.SyncRtSurfaceTransactionApplier.lambda$scheduleApply$0:69 android.view.SyncRtSurfaceTransactionApplier.$r8$lambda$SgowXC58rj3PR958kHUfRgLZmvE:0 
09-17 18:18:16.225  8112  8112 D FlutterJNI: Sending viewport metrics to the engine.
09-17 18:18:16.226  8112  8558 I ViewRootImpl@bdf564[MainActivity]: mWNT: t=0xb400007123a81250 mBlastBufferQueue=0xb400007153a2b710 fn= 154 mRenderHdrSdrRatio=1.0 caller= android.view.SyncRtSurfaceTransactionApplier.applyTransaction:96 android.view.SyncRtSurfaceTransactionApplier.lambda$scheduleApply$0:69 android.view.SyncRtSurfaceTransactionApplier.$r8$lambda$SgowXC58rj3PR958kHUfRgLZmvE:0 
09-17 18:18:16.227  8112  8112 D FlutterJNI: Sending viewport metrics to the engine.
09-17 18:18:16.228  8112  8557 I ViewRootImpl@bdf564[MainActivity]: mWNT: t=0xb400007123a4cfb0 mBlastBufferQueue=0xb400007153a2b710 fn= 155 mRenderHdrSdrRatio=1.0 caller= android.view.SyncRtSurfaceTransactionApplier.applyTransaction:96 android.view.SyncRtSurfaceTransactionApplier.lambda$scheduleApply$0:69 android.view.SyncRtSurfaceTransactionApplier.$r8$lambda$SgowXC58rj3PR958kHUfRgLZmvE:0 
09-17 18:18:16.304  8112  8112 D FlutterJNI: Sending viewport metrics to the engine.
09-17 18:18:16.305  8112  8558 I ViewRootImpl@bdf564[MainActivity]: mWNT: t=0xb400007123a3dc50 mBlastBufferQueue=0xb400007153a2b710 fn= 156 mRenderHdrSdrRatio=1.0 caller= android.view.SyncRtSurfaceTransactionApplier.applyTransaction:96 android.view.SyncRtSurfaceTransactionApplier.lambda$scheduleApply$0:69 android.view.SyncRtSurfaceTransactionApplier.$r8$lambda$SgowXC58rj3PR958kHUfRgLZmvE:0 
09-17 18:18:16.362  8112  8112 D FlutterJNI: Sending viewport metrics to the engine.
09-17 18:18:16.364  8112  8557 I ViewRootImpl@bdf564[MainActivity]: mWNT: t=0xb400007123a67050 mBlastBufferQueue=0xb400007153a2b710 fn= 157 mRenderHdrSdrRatio=1.0 caller= android.view.SyncRtSurfaceTransactionApplier.applyTransaction:96 android.view.SyncRtSurfaceTransactionApplier.lambda$scheduleApply$0:69 android.view.SyncRtSurfaceTransactionApplier.$r8$lambda$SgowXC58rj3PR958kHUfRgLZmvE:0 
09-17 18:18:16.420  8112  8112 D FlutterJNI: Sending viewport metrics to the engine.
09-17 18:18:16.421  8112  8558 I ViewRootImpl@bdf564[MainActivity]: mWNT: t=0xb400007123a44e70 mBlastBufferQueue=0xb400007153a2b710 fn= 158 mRenderHdrSdrRatio=1.0 caller= android.view.SyncRtSurfaceTransactionApplier.applyTransaction:96 android.view.SyncRtSurfaceTransactionApplier.lambda$scheduleApply$0:69 android.view.SyncRtSurfaceTransactionApplier.$r8$lambda$SgowXC58rj3PR958kHUfRgLZmvE:0 
09-17 18:18:16.490  8112  8112 I InsetsController: cancelAnimation: types=ime, animType=0, host=com.locatemy.crimeqa/com.locatemy.app.MainActivity, from=android.view.InsetsController.notifyFinished:1748 android.view.InsetsAnimationControlImpl.applyChangeInsets:312 android.view.InsetsController.lambda$new$3:918 
09-17 18:18:16.490  8112  8112 I ImeTracker: com.locatemy.crimeqa:84ea42f1: onShown
09-17 18:18:16.490  8112  8112 D FlutterJNI: Sending viewport metrics to the engine.
09-17 18:18:16.491  8112  8112 D FlutterJNI: Sending viewport metrics to the engine.
09-17 18:18:16.492  8112  8557 I ViewRootImpl@bdf564[MainActivity]: mWNT: t=0xb400007123a87d90 mBlastBufferQueue=0xb400007153a2b710 fn= 159 mRenderHdrSdrRatio=1.0 caller= android.view.SyncRtSurfaceTransactionApplier.applyTransaction:96 android.view.SyncRtSurfaceTransactionApplier.lambda$scheduleApply$0:69 android.view.SyncRtSurfaceTransactionApplier.$r8$lambda$SgowXC58rj3PR958kHUfRgLZmvE:0 
09-17 18:18:16.492  8112  8557 I ViewRootImpl@bdf564[MainActivity]: mWNT: t=0xb400007123a86630 mBlastBufferQueue=0xb400007153a2b710 fn= 159 mRenderHdrSdrRatio=1.0 caller= android.view.SyncRtSurfaceTransactionApplier.applyTransaction:96 android.view.SyncRtSurfaceTransactionApplier.lambda$scheduleApply$0:69 android.view.SyncRtSurfaceTransactionApplier.$r8$lambda$SgowXC58rj3PR958kHUfRgLZmvE:0 
09-17 18:18:16.741  8112  8112 I ViewRootImpl@bdf564[MainActivity]: setInTouchMode(false), android.view.ViewRootImpl.checkForLeavingTouchModeAndConsume:9568 android.view.ViewRootImpl.-$$Nest$mcheckForLeavingTouchModeAndConsume:0 android.view.ViewRootImpl$EarlyPostImeInputStage.processKeyEvent:8214 android.view.ViewRootImpl$EarlyPostImeInputStage.onProcess:8198 android.view.ViewRootImpl$InputStage.deliver:7682 android.view.ViewRootImpl$InputStage.onDeliverToNext:7739 android.view.ViewRootImpl$InputStage.forward:7705 android.view.ViewRootImpl$AsyncInputStage.forward:7941 android.view.ViewRootImpl$ImeInputStage.onFinishedInputEvent:8183 android.view.inputmethod.InputMethodManager$PendingEvent.run:4578 
09-17 18:18:16.741  8112  8112 I ViewRootImpl@bdf564[MainActivity]: ViewPostIme key 0
09-17 18:18:16.743  8112  8112 I ViewRootImpl@bdf564[MainActivity]: MSG_WINDOW_TOUCH_MODE_CHANGED 
09-17 18:18:16.764  8112  8112 I ViewRootImpl@bdf564[MainActivity]: ViewPostIme key 1
09-17 18:18:16.774  8112  8112 I ViewRootImpl@bdf564[MainActivity]: ViewPostIme key 0
09-17 18:18:16.791  8112  8112 I ViewRootImpl@bdf564[MainActivity]: ViewPostIme key 1
09-17 18:18:16.811  8112  8112 I ViewRootImpl@bdf564[MainActivity]: ViewPostIme key 0
09-17 18:18:16.838  8112  8112 I ViewRootImpl@bdf564[MainActivity]: ViewPostIme key 1
09-17 18:18:16.848  8112  8112 I ViewRootImpl@bdf564[MainActivity]: ViewPostIme key 0
09-17 18:18:16.864  8112  8112 I ViewRootImpl@bdf564[MainActivity]: ViewPostIme key 1
09-17 18:18:16.869  8112  8112 I ViewRootImpl@bdf564[MainActivity]: ViewPostIme key 0
09-17 18:18:16.876  8112  8112 I ViewRootImpl@bdf564[MainActivity]: ViewPostIme key 1
09-17 18:18:16.882  8112  8112 I ViewRootImpl@bdf564[MainActivity]: ViewPostIme key 0
09-17 18:18:16.899  8112  8112 I ViewRootImpl@bdf564[MainActivity]: ViewPostIme key 1
09-17 18:18:16.963  8112  8112 I ViewRootImpl@bdf564[MainActivity]: ViewPostIme pointer 0
09-17 18:18:16.968  8112  8112 I ViewRootImpl@bdf564[MainActivity]: ViewPostIme pointer 1
09-17 18:18:16.968  8112  8112 I ViewRootImpl@bdf564[MainActivity]: MSG_WINDOW_TOUCH_MODE_CHANGED 
09-17 18:18:17.039  8112  8112 D InputMethodManagerUtils: startInputInner - Id : 0
09-17 18:18:17.039  8112  8112 I InputMethodManager: startInputInner - IInputMethodManagerGlobalInvoker.startInputOrWindowGainedFocus
09-17 18:18:17.043  8112  8112 I InputMethodManager_LC: showSoftInput(View,I)
09-17 18:18:17.044  8112  8112 I ImeTracker: com.locatemy.crimeqa:7a8c4d19: onRequestShow at ORIGIN_CLIENT_SHOW_SOFT_INPUT reason SHOW_SOFT_INPUT
09-17 18:18:17.044  8112  8112 I InputMethodManager_LC: ssi(): flags=0 view=com.locatemy.crimeqa reason = SHOW_SOFT_INPUT
09-17 18:18:17.044  8112  8112 I InputMethodManager_LC: ssi() view is not EditText
09-17 18:18:17.044  8112  8112 D InputMethodManager: showSoftInput() view=io.flutter.embedding.android.FlutterView{cdd8cad VFE...... .F...... 0,0-1080,2265 #1 aid=1073741824} flags=0 reason=SHOW_SOFT_INPUT
09-17 18:18:17.064  8112  8112 I InputMethodManager_LC: showSoftInput(View,I)
09-17 18:18:17.065  8112  8112 I ImeTracker: com.locatemy.crimeqa:1a5e5133: onRequestShow at ORIGIN_CLIENT_SHOW_SOFT_INPUT reason SHOW_SOFT_INPUT
09-17 18:18:17.065  8112  8112 I InputMethodManager_LC: ssi(): flags=0 view=com.locatemy.crimeqa reason = SHOW_SOFT_INPUT
09-17 18:18:17.065  8112  8112 I InputMethodManager_LC: ssi() view is not EditText
09-17 18:18:17.065  8112  8112 D InputMethodManager: showSoftInput() view=io.flutter.embedding.android.FlutterView{cdd8cad VFE...... .F...... 0,0-1080,2265 #1 aid=1073741824} flags=0 reason=SHOW_SOFT_INPUT
09-17 18:18:17.067  8112  8112 D InputConnectionAdaptor: The input method toggled cursor monitoring on
09-17 18:18:17.070  8112  8112 I AssistStructure: Flattened final assist data: 380 bytes, containing 1 windows, 3 views
09-17 18:18:17.082  8112  8112 D InputConnectionAdaptor: The input method toggled cursor monitoring off
09-17 18:18:17.082  8112  8112 D InputConnectionAdaptor: The input method toggled cursor monitoring on
09-17 18:18:17.086  8112  8112 D InsetsController: show(ime(), fromIme=true)
09-17 18:18:17.086  8112  8112 I ImeTracker: com.locatemy.crimeqa:7a8c4d19: onCancelled at PHASE_CLIENT_APPLY_ANIMATION
09-17 18:18:17.090  8112  8112 D InsetsController: show(ime(), fromIme=true)
09-17 18:18:17.090  8112  8112 I ImeTracker: com.locatemy.crimeqa:1a5e5133: onCancelled at PHASE_CLIENT_APPLY_ANIMATION
09-17 18:18:17.632  8112  8112 I ViewRootImpl@bdf564[MainActivity]: setInTouchMode(false), android.view.ViewRootImpl.checkForLeavingTouchModeAndConsume:9568 android.view.ViewRootImpl.-$$Nest$mcheckForLeavingTouchModeAndConsume:0 android.view.ViewRootImpl$EarlyPostImeInputStage.processKeyEvent:8214 android.view.ViewRootImpl$EarlyPostImeInputStage.onProcess:8198 android.view.ViewRootImpl$InputStage.deliver:7682 android.view.ViewRootImpl$InputStage.onDeliverToNext:7739 android.view.ViewRootImpl$InputStage.forward:7705 android.view.ViewRootImpl$AsyncInputStage.forward:7941 android.view.ViewRootImpl$ImeInputStage.onFinishedInputEvent:8183 android.view.inputmethod.InputMethodManager$PendingEvent.run:4578 
09-17 18:18:17.632  8112  8112 I ViewRootImpl@bdf564[MainActivity]: ViewPostIme key 0
09-17 18:18:17.634  8112  8112 I ViewRootImpl@bdf564[MainActivity]: MSG_WINDOW_TOUCH_MODE_CHANGED 
09-17 18:18:17.639  8112  8112 I ViewRootImpl@bdf564[MainActivity]: ViewPostIme key 1
09-17 18:18:17.642  8112  8112 I ViewRootImpl@bdf564[MainActivity]: ViewPostIme key 0
09-17 18:18:17.656  8112  8112 I ViewRootImpl@bdf564[MainActivity]: ViewPostIme key 1
09-17 18:18:17.660  8112  8112 I ViewRootImpl@bdf564[MainActivity]: ViewPostIme key 0
09-17 18:18:17.664  8112  8112 I ViewRootImpl@bdf564[MainActivity]: ViewPostIme key 1
09-17 18:18:17.673  8112  8112 I ViewRootImpl@bdf564[MainActivity]: ViewPostIme key 0
09-17 18:18:17.690  8112  8112 I ViewRootImpl@bdf564[MainActivity]: ViewPostIme key 1
09-17 18:18:17.693  8112  8112 I ViewRootImpl@bdf564[MainActivity]: ViewPostIme key 0
09-17 18:18:17.710  8112  8112 I ViewRootImpl@bdf564[MainActivity]: ViewPostIme key 1
09-17 18:18:17.715  8112  8112 I ViewRootImpl@bdf564[MainActivity]: ViewPostIme key 0
09-17 18:18:17.723  8112  8112 I ViewRootImpl@bdf564[MainActivity]: ViewPostIme key 1
09-17 18:18:17.741  8112  8112 I ViewRootImpl@bdf564[MainActivity]: ViewPostIme key 0
09-17 18:18:17.747  8112  8112 I ViewRootImpl@bdf564[MainActivity]: ViewPostIme key 1
09-17 18:18:17.750  8112  8112 I ViewRootImpl@bdf564[MainActivity]: ViewPostIme key 0
09-17 18:18:17.764  8112  8112 I ViewRootImpl@bdf564[MainActivity]: ViewPostIme key 1
09-17 18:18:17.844  8112  8112 I ViewRootImpl@bdf564[MainActivity]: The input has been finished in ImeInputStage.
09-17 18:18:17.864  8112  8112 I ViewRootImpl@bdf564[MainActivity]: The input has been finished in ImeInputStage.
09-17 18:18:17.867  8112  8112 I InsetsController: setRequestedVisibleTypes: visible=false, mask=ime, host=com.locatemy.crimeqa/com.locatemy.app.MainActivity, from=android.view.InsetsController.controlAnimationUnchecked:1445 android.view.InsetsController.applyAnimation:2005 android.view.InsetsController.applyAnimation:1968 android.view.InsetsController.hide:1403 android.view.ViewRootImpl$ViewRootHandler.handleMessageImpl:7240 android.view.ViewRootImpl$ViewRootHandler.handleMessage:7166 android.os.Handler.dispatchMessage:106 android.os.Looper.loopOnce:230 android.os.Looper.loop:319 android.app.ActivityThread.main:8919 
09-17 18:18:17.868  8112  8112 I InsetsController: controlAnimationUncheckedInner: Added types=ime, animType=1, host=com.locatemy.crimeqa/com.locatemy.app.MainActivity, from=android.view.InsetsController.controlAnimationUnchecked:1449 android.view.InsetsController.applyAnimation:2005 android.view.InsetsController.applyAnimation:1968 
09-17 18:18:17.871  8112  8112 D FlutterJNI: Sending viewport metrics to the engine.
09-17 18:18:17.873  8112  8558 I ViewRootImpl@bdf564[MainActivity]: mWNT: t=0xb400007123a3a970 mBlastBufferQueue=0xb400007153a2b710 fn= 160 mRenderHdrSdrRatio=1.0 caller= android.view.SyncRtSurfaceTransactionApplier.applyTransaction:96 android.view.SyncRtSurfaceTransactionApplier.lambda$scheduleApply$0:69 android.view.SyncRtSurfaceTransactionApplier.$r8$lambda$SgowXC58rj3PR958kHUfRgLZmvE:0 
09-17 18:18:17.873  8112  8112 D InputConnectionAdaptor: The input method toggled cursor monitoring off
09-17 18:18:17.874  8112  8112 W WindowOnBackDispatcher: sendCancelIfRunning: isInProgress=falsecallback=ImeCallback=ImeOnBackInvokedCallback@20620053 Callback=android.window.IOnBackInvokedCallback$Stub$Proxy@7a10a45
09-17 18:18:17.880  8112  8112 D FlutterJNI: Sending viewport metrics to the engine.
09-17 18:18:17.882  8112  8153 I ViewRootImpl@bdf564[MainActivity]: Resizing android.view.ViewRootImpl@8af20c2: frame = [0,0][1080,2400] reportDraw = false forceLayout = false syncSeqId = -1
09-17 18:18:17.883  8112  8557 I ViewRootImpl@bdf564[MainActivity]: mWNT: t=0xb400007123a3a970 mBlastBufferQueue=0xb400007153a2b710 fn= 161 mRenderHdrSdrRatio=1.0 caller= android.view.SyncRtSurfaceTransactionApplier.applyTransaction:96 android.view.SyncRtSurfaceTransactionApplier.lambda$scheduleApply$0:69 android.view.SyncRtSurfaceTransactionApplier.$r8$lambda$SgowXC58rj3PR958kHUfRgLZmvE:0 
09-17 18:18:17.884  8112  8112 I InsetsController: onStateChanged: host=com.locatemy.crimeqa/com.locatemy.app.MainActivity, from=android.view.ViewRootImpl$ViewRootHandler.handleMessageImpl:7209, state=InsetsState: {mDisplayFrame=Rect(0, 0 - 1080, 2400), mDisplayCutout=DisplayCutout{insets=Rect(0, 88 - 0, 0) waterfall=Insets{left=0, top=0, right=0, bottom=0} boundingRect={Bounds=[Rect(0, 0 - 0, 0), Rect(512, 0 - 568, 88), Rect(0, 0 - 0, 0), Rect(0, 0 - 0, 0)]} cutoutPathParserInfo={CutoutPathParserInfo{displayWidth=1080 displayHeight=2400 physicalDisplayWidth=1080 physicalDisplayHeight=2400 density={2.8125} cutoutSpec={M 0,0 M 0,11.43427858034597 a 9.899054752987353,9.899054752987353 0 1,0 0,19.79810950597471 a 9.899054752987353,9.899054752987353 0 1,0 0,-19.79810950597471 Z @dp} rotation={0} scale={1.0} physicalPixelDisplaySizeRatio={1.0}}}}, mRoundedCorners=RoundedCorners{[RoundedCorner{position=TopLeft, radius=0, center=Point(0, 0)}, RoundedCorner{position=TopRight, radius=0, center=Point(0, 0)}, RoundedCorner{position=BottomRight, radius=0, center=Point(0, 0)}, RoundedCorner{position=BottomLeft, radius=0, center=Point(0, 0)}]}  mRoundedCornerFrame=Rect(0, 0 - 1080, 2400), mPrivacyIndicatorBounds=PrivacyIndicatorBounds {static bounds=Rect(956, 0 - 1080, 88) rotation=0}, mDisplayShape=DisplayShape{ spec=-311912193 displayWidth=1080 displayHeight=2400 physicalPixelDisplaySizeRatio=1.0 rotation=0 offsetX=0 offsetY=0 scale=1.0}, mSources= { InsetsSource: {3 mType=ime mFrame=[0,1548][1080,2400] mVisible=false mFlags=[]}, InsetsSource: {27 mType=displayCutout mFrame=[0,0][1080,88] mVisible=true mFlags=[]}, InsetsSource: {23820000 mType=statusBars mFrame=[0,0][1080,88] mVisible=true mFlags=[]}, InsetsSource: {23820005 mType=mandatorySystemGestures mFrame=[0,0][1080,122] mVisible=true mFlags=[]}, InsetsSource: {23820006 mType=tappableElement mFrame=[0,0][1080,88] mVisible=true mFlags=[]}, InsetsSource: {37b40001 mType=navigationBars mFrame=[0,2265][1080,2400] mVisible=true mFlags=[]}, InsetsSource: {37b40004 mType=systemGestures mFrame=[0,0][0,0] mVisible=true mFlags=[]}, InsetsSource: {37b40005 mType=mandatorySystemGestures mFrame=[0,2265][1080,2400] mVisible=true mFlags=[]}, InsetsSource: {37b40006 mType=tappableElement mFrame=[0,2265][1080,2400] mVisible=true mFlags=[]}, InsetsSource: {37b40024 mType=systemGestures mFrame=[0,0][0,0] mVisible=true mFlags=[]} }
09-17 18:18:17.884  8112  8112 I InsetsSourceConsumer: applyRequestedVisibilityToControl: visible=true, type=navigationBars, host=com.locatemy.crimeqa/com.locatemy.app.MainActivity
09-17 18:18:17.885  8112  8112 I ViewRootImpl@bdf564[MainActivity]: handleResized, msg = 4 frames=ClientWindowFrames{frame=[0,0][1080,2400] display=[0,0][1080,2400] parentFrame=[0,0][0,0]} forceNextWindowRelayout=false displayId=0 dragResizing=false compatScale=1.0 frameChanged=false attachedFrameChanged=false configChanged=false displayChanged=false compatScaleChanged=false
09-17 18:18:17.887  8112  8112 D FlutterJNI: Sending viewport metrics to the engine.
09-17 18:18:17.889  8112  8558 I ViewRootImpl@bdf564[MainActivity]: mWNT: t=0xb400007123a7cc30 mBlastBufferQueue=0xb400007153a2b710 fn= 162 mRenderHdrSdrRatio=1.0 caller= android.view.SyncRtSurfaceTransactionApplier.applyTransaction:96 android.view.SyncRtSurfaceTransactionApplier.lambda$scheduleApply$0:69 android.view.SyncRtSurfaceTransactionApplier.$r8$lambda$SgowXC58rj3PR958kHUfRgLZmvE:0 
09-17 18:18:17.896  8112  8112 D FlutterJNI: Sending viewport metrics to the engine.
09-17 18:18:17.897  8112  8557 I ViewRootImpl@bdf564[MainActivity]: mWNT: t=0xb400007123a7cc30 mBlastBufferQueue=0xb400007153a2b710 fn= 163 mRenderHdrSdrRatio=1.0 caller= android.view.SyncRtSurfaceTransactionApplier.applyTransaction:96 android.view.SyncRtSurfaceTransactionApplier.lambda$scheduleApply$0:69 android.view.SyncRtSurfaceTransactionApplier.$r8$lambda$SgowXC58rj3PR958kHUfRgLZmvE:0 
09-17 18:18:17.916  8112  8112 D FlutterJNI: Sending viewport metrics to the engine.
09-17 18:18:17.917  8112  8558 I ViewRootImpl@bdf564[MainActivity]: mWNT: t=0xb400007123a909d0 mBlastBufferQueue=0xb400007153a2b710 fn= 164 mRenderHdrSdrRatio=1.0 caller= android.view.SyncRtSurfaceTransactionApplier.applyTransaction:96 android.view.SyncRtSurfaceTransactionApplier.lambda$scheduleApply$0:69 android.view.SyncRtSurfaceTransactionApplier.$r8$lambda$SgowXC58rj3PR958kHUfRgLZmvE:0 
09-17 18:18:17.921  8112  8112 D FlutterJNI: Sending viewport metrics to the engine.
09-17 18:18:17.922  8112  8557 I ViewRootImpl@bdf564[MainActivity]: mWNT: t=0xb400007123a909d0 mBlastBufferQueue=0xb400007153a2b710 fn= 165 mRenderHdrSdrRatio=1.0 caller= android.view.SyncRtSurfaceTransactionApplier.applyTransaction:96 android.view.SyncRtSurfaceTransactionApplier.lambda$scheduleApply$0:69 android.view.SyncRtSurfaceTransactionApplier.$r8$lambda$SgowXC58rj3PR958kHUfRgLZmvE:0 
09-17 18:18:17.944  8112  8112 D FlutterJNI: Sending viewport metrics to the engine.
09-17 18:18:17.945  8112  8558 I ViewRootImpl@bdf564[MainActivity]: mWNT: t=0xb400007123a89230 mBlastBufferQueue=0xb400007153a2b710 fn= 166 mRenderHdrSdrRatio=1.0 caller= android.view.SyncRtSurfaceTransactionApplier.applyTransaction:96 android.view.SyncRtSurfaceTransactionApplier.lambda$scheduleApply$0:69 android.view.SyncRtSurfaceTransactionApplier.$r8$lambda$SgowXC58rj3PR958kHUfRgLZmvE:0 
09-17 18:18:17.965  8112  8112 D FlutterJNI: Sending viewport metrics to the engine.
09-17 18:18:17.967  8112  8557 I ViewRootImpl@bdf564[MainActivity]: mWNT: t=0xb400007123a82c70 mBlastBufferQueue=0xb400007153a2b710 fn= 167 mRenderHdrSdrRatio=1.0 caller= android.view.SyncRtSurfaceTransactionApplier.applyTransaction:96 android.view.SyncRtSurfaceTransactionApplier.lambda$scheduleApply$0:69 android.view.SyncRtSurfaceTransactionApplier.$r8$lambda$SgowXC58rj3PR958kHUfRgLZmvE:0 
09-17 18:18:17.970  8112  8112 D FlutterJNI: Sending viewport metrics to the engine.
09-17 18:18:17.971  8112  8558 I ViewRootImpl@bdf564[MainActivity]: mWNT: t=0xb400007123a940d0 mBlastBufferQueue=0xb400007153a2b710 fn= 168 mRenderHdrSdrRatio=1.0 caller= android.view.SyncRtSurfaceTransactionApplier.applyTransaction:96 android.view.SyncRtSurfaceTransactionApplier.lambda$scheduleApply$0:69 android.view.SyncRtSurfaceTransactionApplier.$r8$lambda$SgowXC58rj3PR958kHUfRgLZmvE:0 
09-17 18:18:17.990  8112  8112 D FlutterJNI: Sending viewport metrics to the engine.
09-17 18:18:17.992  8112  8557 I ViewRootImpl@bdf564[MainActivity]: mWNT: t=0xb400007123a91e70 mBlastBufferQueue=0xb400007153a2b710 fn= 169 mRenderHdrSdrRatio=1.0 caller= android.view.SyncRtSurfaceTransactionApplier.applyTransaction:96 android.view.SyncRtSurfaceTransactionApplier.lambda$scheduleApply$0:69 android.view.SyncRtSurfaceTransactionApplier.$r8$lambda$SgowXC58rj3PR958kHUfRgLZmvE:0 
09-17 18:18:18.007  8112  8112 D FlutterJNI: Sending viewport metrics to the engine.
09-17 18:18:18.009  8112  8558 I ViewRootImpl@bdf564[MainActivity]: mWNT: t=0xb400007123a89ff0 mBlastBufferQueue=0xb400007153a2b710 fn= 170 mRenderHdrSdrRatio=1.0 caller= android.view.SyncRtSurfaceTransactionApplier.applyTransaction:96 android.view.SyncRtSurfaceTransactionApplier.lambda$scheduleApply$0:69 android.view.SyncRtSurfaceTransactionApplier.$r8$lambda$SgowXC58rj3PR958kHUfRgLZmvE:0 
09-17 18:18:18.012  8112  8112 D FlutterJNI: Sending viewport metrics to the engine.
09-17 18:18:18.014  8112  8557 I ViewRootImpl@bdf564[MainActivity]: mWNT: t=0xb400007123a89a70 mBlastBufferQueue=0xb400007153a2b710 fn= 171 mRenderHdrSdrRatio=1.0 caller= android.view.SyncRtSurfaceTransactionApplier.applyTransaction:96 android.view.SyncRtSurfaceTransactionApplier.lambda$scheduleApply$0:69 android.view.SyncRtSurfaceTransactionApplier.$r8$lambda$SgowXC58rj3PR958kHUfRgLZmvE:0 
09-17 18:18:18.028  8112  8112 D FlutterJNI: Sending viewport metrics to the engine.
09-17 18:18:18.029  8112  8558 I ViewRootImpl@bdf564[MainActivity]: mWNT: t=0xb400007123a628d0 mBlastBufferQueue=0xb400007153a2b710 fn= 172 mRenderHdrSdrRatio=1.0 caller= android.view.SyncRtSurfaceTransactionApplier.applyTransaction:96 android.view.SyncRtSurfaceTransactionApplier.lambda$scheduleApply$0:69 android.view.SyncRtSurfaceTransactionApplier.$r8$lambda$SgowXC58rj3PR958kHUfRgLZmvE:0 
09-17 18:18:18.037  8112  8112 D FlutterJNI: Sending viewport metrics to the engine.
09-17 18:18:18.038  8112  8557 I ViewRootImpl@bdf564[MainActivity]: mWNT: t=0xb400007123a8a570 mBlastBufferQueue=0xb400007153a2b710 fn= 173 mRenderHdrSdrRatio=1.0 caller= android.view.SyncRtSurfaceTransactionApplier.applyTransaction:96 android.view.SyncRtSurfaceTransactionApplier.lambda$scheduleApply$0:69 android.view.SyncRtSurfaceTransactionApplier.$r8$lambda$SgowXC58rj3PR958kHUfRgLZmvE:0 
09-17 18:18:18.053  8112  8112 D FlutterJNI: Sending viewport metrics to the engine.
09-17 18:18:18.055  8112  8558 I ViewRootImpl@bdf564[MainActivity]: mWNT: t=0xb400007123a5b3f0 mBlastBufferQueue=0xb400007153a2b710 fn= 174 mRenderHdrSdrRatio=1.0 caller= android.view.SyncRtSurfaceTransactionApplier.applyTransaction:96 android.view.SyncRtSurfaceTransactionApplier.lambda$scheduleApply$0:69 android.view.SyncRtSurfaceTransactionApplier.$r8$lambda$SgowXC58rj3PR958kHUfRgLZmvE:0 
09-17 18:18:18.063  8112  8112 D FlutterJNI: Sending viewport metrics to the engine.
09-17 18:18:18.064  8112  8557 I ViewRootImpl@bdf564[MainActivity]: mWNT: t=0xb400007123a8c510 mBlastBufferQueue=0xb400007153a2b710 fn= 175 mRenderHdrSdrRatio=1.0 caller= android.view.SyncRtSurfaceTransactionApplier.applyTransaction:96 android.view.SyncRtSurfaceTransactionApplier.lambda$scheduleApply$0:69 android.view.SyncRtSurfaceTransactionApplier.$r8$lambda$SgowXC58rj3PR958kHUfRgLZmvE:0 
09-17 18:18:18.072  8112  8112 D FlutterJNI: Sending viewport metrics to the engine.
09-17 18:18:18.073  8112  8558 I ViewRootImpl@bdf564[MainActivity]: mWNT: t=0xb400007123a8f270 mBlastBufferQueue=0xb400007153a2b710 fn= 176 mRenderHdrSdrRatio=1.0 caller= android.view.SyncRtSurfaceTransactionApplier.applyTransaction:96 android.view.SyncRtSurfaceTransactionApplier.lambda$scheduleApply$0:69 android.view.SyncRtSurfaceTransactionApplier.$r8$lambda$SgowXC58rj3PR958kHUfRgLZmvE:0 
09-17 18:18:18.078  8112  8112 D FlutterJNI: Sending viewport metrics to the engine.
09-17 18:18:18.080  8112  8557 I ViewRootImpl@bdf564[MainActivity]: mWNT: t=0xb400007123a8f3d0 mBlastBufferQueue=0xb400007153a2b710 fn= 177 mRenderHdrSdrRatio=1.0 caller= android.view.SyncRtSurfaceTransactionApplier.applyTransaction:96 android.view.SyncRtSurfaceTransactionApplier.lambda$scheduleApply$0:69 android.view.SyncRtSurfaceTransactionApplier.$r8$lambda$SgowXC58rj3PR958kHUfRgLZmvE:0 
09-17 18:18:18.091  8112  8112 D FlutterJNI: Sending viewport metrics to the engine.
09-17 18:18:18.092  8112  8558 I ViewRootImpl@bdf564[MainActivity]: mWNT: t=0xb400007123a8e610 mBlastBufferQueue=0xb400007153a2b710 fn= 178 mRenderHdrSdrRatio=1.0 caller= android.view.SyncRtSurfaceTransactionApplier.applyTransaction:96 android.view.SyncRtSurfaceTransactionApplier.lambda$scheduleApply$0:69 android.view.SyncRtSurfaceTransactionApplier.$r8$lambda$SgowXC58rj3PR958kHUfRgLZmvE:0 
09-17 18:18:18.096  8112  8112 D FlutterJNI: Sending viewport metrics to the engine.
09-17 18:18:18.097  8112  8557 I ViewRootImpl@bdf564[MainActivity]: mWNT: t=0xb400007123a8c250 mBlastBufferQueue=0xb400007153a2b710 fn= 179 mRenderHdrSdrRatio=1.0 caller= android.view.SyncRtSurfaceTransactionApplier.applyTransaction:96 android.view.SyncRtSurfaceTransactionApplier.lambda$scheduleApply$0:69 android.view.SyncRtSurfaceTransactionApplier.$r8$lambda$SgowXC58rj3PR958kHUfRgLZmvE:0 
09-17 18:18:18.109  8112  8112 D FlutterJNI: Sending viewport metrics to the engine.
09-17 18:18:18.110  8112  8558 I ViewRootImpl@bdf564[MainActivity]: mWNT: t=0xb400007123a86d10 mBlastBufferQueue=0xb400007153a2b710 fn= 180 mRenderHdrSdrRatio=1.0 caller= android.view.SyncRtSurfaceTransactionApplier.applyTransaction:96 android.view.SyncRtSurfaceTransactionApplier.lambda$scheduleApply$0:69 android.view.SyncRtSurfaceTransactionApplier.$r8$lambda$SgowXC58rj3PR958kHUfRgLZmvE:0 
09-17 18:18:18.118  8112  8112 D FlutterJNI: Sending viewport metrics to the engine.
09-17 18:18:18.119  8112  8557 I ViewRootImpl@bdf564[MainActivity]: mWNT: t=0xb400007123a85190 mBlastBufferQueue=0xb400007153a2b710 fn= 181 mRenderHdrSdrRatio=1.0 caller= android.view.SyncRtSurfaceTransactionApplier.applyTransaction:96 android.view.SyncRtSurfaceTransactionApplier.lambda$scheduleApply$0:69 android.view.SyncRtSurfaceTransactionApplier.$r8$lambda$SgowXC58rj3PR958kHUfRgLZmvE:0 
09-17 18:18:18.125  8112  8112 D FlutterJNI: Sending viewport metrics to the engine.
09-17 18:18:18.126  8112  8558 I ViewRootImpl@bdf564[MainActivity]: mWNT: t=0xb400007123a81250 mBlastBufferQueue=0xb400007153a2b710 fn= 182 mRenderHdrSdrRatio=1.0 caller= android.view.SyncRtSurfaceTransactionApplier.applyTransaction:96 android.view.SyncRtSurfaceTransactionApplier.lambda$scheduleApply$0:69 android.view.SyncRtSurfaceTransactionApplier.$r8$lambda$SgowXC58rj3PR958kHUfRgLZmvE:0 
09-17 18:18:18.128  8112  8112 D FlutterJNI: Sending viewport metrics to the engine.
09-17 18:18:18.129  8112  8557 I ViewRootImpl@bdf564[MainActivity]: mWNT: t=0xb400007123a91bb0 mBlastBufferQueue=0xb400007153a2b710 fn= 183 mRenderHdrSdrRatio=1.0 caller= android.view.SyncRtSurfaceTransactionApplier.applyTransaction:96 android.view.SyncRtSurfaceTransactionApplier.lambda$scheduleApply$0:69 android.view.SyncRtSurfaceTransactionApplier.$r8$lambda$SgowXC58rj3PR958kHUfRgLZmvE:0 
09-17 18:18:18.137  8112  8112 D FlutterJNI: Sending viewport metrics to the engine.
09-17 18:18:18.139  8112  8558 I ViewRootImpl@bdf564[MainActivity]: mWNT: t=0xb400007123a8e4b0 mBlastBufferQueue=0xb400007153a2b710 fn= 184 mRenderHdrSdrRatio=1.0 caller= android.view.SyncRtSurfaceTransactionApplier.applyTransaction:96 android.view.SyncRtSurfaceTransactionApplier.lambda$scheduleApply$0:69 android.view.SyncRtSurfaceTransactionApplier.$r8$lambda$SgowXC58rj3PR958kHUfRgLZmvE:0 
09-17 18:18:18.146  8112  8112 D FlutterJNI: Sending viewport metrics to the engine.
09-17 18:18:18.149  8112  8557 I ViewRootImpl@bdf564[MainActivity]: mWNT: t=0xb400007123a8f950 mBlastBufferQueue=0xb400007153a2b710 fn= 185 mRenderHdrSdrRatio=1.0 caller= android.view.SyncRtSurfaceTransactionApplier.applyTransaction:96 android.view.SyncRtSurfaceTransactionApplier.lambda$scheduleApply$0:69 android.view.SyncRtSurfaceTransactionApplier.$r8$lambda$SgowXC58rj3PR958kHUfRgLZmvE:0 
09-17 18:18:18.160  8112  8112 D FlutterJNI: Sending viewport metrics to the engine.
09-17 18:18:18.162  8112  8558 I ViewRootImpl@bdf564[MainActivity]: mWNT: t=0xb400007123a8d430 mBlastBufferQueue=0xb400007153a2b710 fn= 186 mRenderHdrSdrRatio=1.0 caller= android.view.SyncRtSurfaceTransactionApplier.applyTransaction:96 android.view.SyncRtSurfaceTransactionApplier.lambda$scheduleApply$0:69 android.view.SyncRtSurfaceTransactionApplier.$r8$lambda$SgowXC58rj3PR958kHUfRgLZmvE:0 
09-17 18:18:18.163  8112  8112 I InsetsController: cancelAnimation: types=ime, animType=1, host=com.locatemy.crimeqa/com.locatemy.app.MainActivity, from=android.view.InsetsController.notifyFinished:1748 android.view.InsetsAnimationControlImpl.applyChangeInsets:312 android.view.InsetsController.lambda$new$3:918 
09-17 18:18:18.164  8112  8112 I ImeTracker: com.locatemy.crimeqa:c9aa3eea: onRequestHide at ORIGIN_CLIENT_HIDE_SOFT_INPUT reason HIDE_SOFT_INPUT_BY_INSETS_API
09-17 18:18:18.164  8112  8112 I InputMethodManager_LC: notifyImeHidden: IInputMethodManagerGlobalInvoker.hideSoftInput
09-17 18:18:18.165  8112  8112 I ImeTracker: com.locatemy.crimeqa:297c5ab3: onHidden
09-17 18:18:18.166  8112  8112 D FlutterJNI: Sending viewport metrics to the engine.
09-17 18:18:18.166  8112  8112 D FlutterJNI: Sending viewport metrics to the engine.
09-17 18:18:18.167  8112  8112 D InputMethodManagerUtils: startInputInner - Id : 0
09-17 18:18:18.168  8112  8112 I InputMethodManager: startInputInner - IInputMethodManagerGlobalInvoker.startInputOrWindowGainedFocus
09-17 18:18:18.171  8112  8557 I ViewRootImpl@bdf564[MainActivity]: mWNT: t=0xb400007123a897b0 mBlastBufferQueue=0xb400007153a2b710 fn= 187 mRenderHdrSdrRatio=1.0 caller= android.view.SyncRtSurfaceTransactionApplier.applyTransaction:96 android.view.SyncRtSurfaceTransactionApplier.lambda$scheduleApply$0:69 android.view.SyncRtSurfaceTransactionApplier.$r8$lambda$SgowXC58rj3PR958kHUfRgLZmvE:0 
09-17 18:18:18.686  8112  8147 I ViewRootImpl@bdf564[MainActivity]: Resizing android.view.ViewRootImpl@8af20c2: frame = [0,0][1080,2400] reportDraw = false forceLayout = false syncSeqId = -1
09-17 18:18:18.687  8112  8112 I InsetsController: onStateChanged: host=com.locatemy.crimeqa/com.locatemy.app.MainActivity, from=android.view.ViewRootImpl$ViewRootHandler.handleMessageImpl:7196, state=InsetsState: {mDisplayFrame=Rect(0, 0 - 1080, 2400), mDisplayCutout=DisplayCutout{insets=Rect(0, 88 - 0, 0) waterfall=Insets{left=0, top=0, right=0, bottom=0} boundingRect={Bounds=[Rect(0, 0 - 0, 0), Rect(512, 0 - 568, 88), Rect(0, 0 - 0, 0), Rect(0, 0 - 0, 0)]} cutoutPathParserInfo={CutoutPathParserInfo{displayWidth=1080 displayHeight=2400 physicalDisplayWidth=1080 physicalDisplayHeight=2400 density={2.8125} cutoutSpec={M 0,0 M 0,11.43427858034597 a 9.899054752987353,9.899054752987353 0 1,0 0,19.79810950597471 a 9.899054752987353,9.899054752987353 0 1,0 0,-19.79810950597471 Z @dp} rotation={0} scale={1.0} physicalPixelDisplaySizeRatio={1.0}}}}, mRoundedCorners=RoundedCorners{[RoundedCorner{position=TopLeft, radius=0, center=Point(0, 0)}, RoundedCorner{position=TopRight, radius=0, center=Point(0, 0)}, RoundedCorner{position=BottomRight, radius=0, center=Point(0, 0)}, RoundedCorner{position=BottomLeft, radius=0, center=Point(0, 0)}]}  mRoundedCornerFrame=Rect(0, 0 - 1080, 2400), mPrivacyIndicatorBounds=PrivacyIndicatorBounds {static bounds=Rect(956, 0 - 1080, 88) rotation=0}, mDisplayShape=DisplayShape{ spec=-311912193 displayWidth=1080 displayHeight=2400 physicalPixelDisplaySizeRatio=1.0 rotation=0 offsetX=0 offsetY=0 scale=1.0}, mSources= { InsetsSource: {3 mType=ime mFrame=[0,0][0,0] mVisible=false mFlags=[]}, InsetsSource: {27 mType=displayCutout mFrame=[0,0][1080,88] mVisible=true mFlags=[]}, InsetsSource: {23820000 mType=statusBars mFrame=[0,0][1080,88] mVisible=true mFlags=[]}, InsetsSource: {23820005 mType=mandatorySystemGestures mFrame=[0,0][1080,122] mVisible=true mFlags=[]}, InsetsSource: {23820006 mType=tappableElement mFrame=[0,0][1080,88] mVisible=true mFlags=[]}, InsetsSource: {37b40001 mType=navigationBars mFrame=[0,2265][1080,2400] mVisible=true mFlags=[]}, InsetsSource: {37b40004 mType=systemGestures mFrame=[0,0][0,0] mVisible=true mFlags=[]}, InsetsSource: {37b40005 mType=mandatorySystemGestures mFrame=[0,2265][1080,2400] mVisible=true mFlags=[]}, InsetsSource: {37b40006 mType=tappableElement mFrame=[0,2265][1080,2400] mVisible=true mFlags=[]}, InsetsSource: {37b40024 mType=systemGestures mFrame=[0,0][0,0] mVisible=true mFlags=[]} }
09-17 18:18:18.687  8112  8112 I ViewRootImpl@bdf564[MainActivity]: handleResized, msg = 4 frames=ClientWindowFrames{frame=[0,0][1080,2400] display=[0,0][1080,2400] parentFrame=[0,0][0,0]} forceNextWindowRelayout=false displayId=0 dragResizing=false compatScale=1.0 frameChanged=false attachedFrameChanged=false configChanged=false displayChanged=false compatScaleChanged=false
09-17 18:18:18.694  8112  8147 I ViewRootImpl@bdf564[MainActivity]: Resizing android.view.ViewRootImpl@8af20c2: frame = [0,0][1080,2400] reportDraw = false forceLayout = false syncSeqId = -1
09-17 18:18:18.694  8112  8112 I InsetsController: onStateChanged: host=com.locatemy.crimeqa/com.locatemy.app.MainActivity, from=android.view.ViewRootImpl$ViewRootHandler.handleMessageImpl:7196, state=InsetsState: {mDisplayFrame=Rect(0, 0 - 1080, 2400), mDisplayCutout=DisplayCutout{insets=Rect(0, 88 - 0, 0) waterfall=Insets{left=0, top=0, right=0, bottom=0} boundingRect={Bounds=[Rect(0, 0 - 0, 0), Rect(512, 0 - 568, 88), Rect(0, 0 - 0, 0), Rect(0, 0 - 0, 0)]} cutoutPathParserInfo={CutoutPathParserInfo{displayWidth=1080 displayHeight=2400 physicalDisplayWidth=1080 physicalDisplayHeight=2400 density={2.8125} cutoutSpec={M 0,0 M 0,11.43427858034597 a 9.899054752987353,9.899054752987353 0 1,0 0,19.79810950597471 a 9.899054752987353,9.899054752987353 0 1,0 0,-19.79810950597471 Z @dp} rotation={0} scale={1.0} physicalPixelDisplaySizeRatio={1.0}}}}, mRoundedCorners=RoundedCorners{[RoundedCorner{position=TopLeft, radius=0, center=Point(0, 0)}, RoundedCorner{position=TopRight, radius=0, center=Point(0, 0)}, RoundedCorner{position=BottomRight, radius=0, center=Point(0, 0)}, RoundedCorner{position=BottomLeft, radius=0, center=Point(0, 0)}]}  mRoundedCornerFrame=Rect(0, 0 - 1080, 2400), mPrivacyIndicatorBounds=PrivacyIndicatorBounds {static bounds=Rect(956, 0 - 1080, 88) rotation=0}, mDisplayShape=DisplayShape{ spec=-311912193 displayWidth=1080 displayHeight=2400 physicalPixelDisplaySizeRatio=1.0 rotation=0 offsetX=0 offsetY=0 scale=1.0}, mSources= { InsetsSource: {3 mType=ime mFrame=[0,0][0,0] mVisible=false mFlags=[]}, InsetsSource: {27 mType=displayCutout mFrame=[0,0][1080,88] mVisible=true mFlags=[]}, InsetsSource: {23820000 mType=statusBars mFrame=[0,0][1080,88] mVisible=true mFlags=[]}, InsetsSource: {23820005 mType=mandatorySystemGestures mFrame=[0,0][1080,122] mVisible=true mFlags=[]}, InsetsSource: {23820006 mType=tappableElement mFrame=[0,0][1080,88] mVisible=true mFlags=[]}, InsetsSource: {37b40001 mType=navigationBars mFrame=[0,2265][1080,2400] mVisible=true mFlags=[]}, InsetsSource: {37b40004 mType=systemGestures mFrame=[0,0][0,0] mVisible=true mFlags=[]}, InsetsSource: {37b40005 mType=mandatorySystemGestures mFrame=[0,2265][1080,2400] mVisible=true mFlags=[]}, InsetsSource: {37b40006 mType=tappableElement mFrame=[0,2265][1080,2400] mVisible=true mFlags=[]}, InsetsSource: {37b40024 mType=systemGestures mFrame=[0,0][0,0] mVisible=true mFlags=[]} }
09-17 18:18:18.695  8112  8112 I ViewRootImpl@bdf564[MainActivity]: handleResized, msg = 4 frames=ClientWindowFrames{frame=[0,0][1080,2400] display=[0,0][1080,2400] parentFrame=[0,0][0,0]} forceNextWindowRelayout=false displayId=0 dragResizing=false compatScale=1.0 frameChanged=false attachedFrameChanged=false configChanged=false displayChanged=false compatScaleChanged=false
09-17 18:18:20.865  8112  8112 I ViewRootImpl@bdf564[MainActivity]: ViewPostIme pointer 0
09-17 18:18:20.869  8112  8112 I ViewRootImpl@bdf564[MainActivity]: MSG_WINDOW_TOUCH_MODE_CHANGED 
09-17 18:18:20.870  8112  8112 I ViewRootImpl@bdf564[MainActivity]: ViewPostIme pointer 1
09-17 18:18:20.877  8112  8112 D InputMethodManagerUtils: startInputInner - Id : 0
09-17 18:18:20.877  8112  8112 I InputMethodManager: startInputInner - IInputMethodManagerGlobalInvoker.startInputOrWindowGainedFocus
09-17 18:18:20.937  8112  8112 I ImeTracker: com.locatemy.crimeqa:f2b5d976: onRequestHide at ORIGIN_CLIENT_HIDE_SOFT_INPUT reason HIDE_SOFT_INPUT
09-17 18:18:20.938  8112  8112 I InputMethodManager_LC: hsifw() - flag : 0
09-17 18:18:20.938  8112  8112 I InputMethodManager_LC: hsifw() - mService.hideSoftInput
09-17 18:18:21.053  8112  8112 I flutter : {"event":"map.select.completed","feature":"map_location","result":"success","duration_bucket":"under1s","correlation_id":"map-9"}
09-17 18:18:21.122  8112  8112 I flutter : {"event":"map.layer.completed","feature":"map_location","result":"staleViewport","duration_bucket":"10sOrMore","correlation_id":"map-10"}
09-17 18:18:21.122  8112  8112 I flutter : {"event":"facility.contributeLayer.completed","feature":"nearby_facilities","result":"staleViewport","duration_bucket":"10sOrMore","correlation_id":"facility-5"}
09-17 18:18:21.184  8112  8112 I flutter : {"event":"facility.analyse.completed","feature":"nearby_facilities","result":"cached","duration_bucket":"under100ms","correlation_id":"facility-6"}
09-17 18:18:21.255  8112  8112 I flutter : {"event":"map.layer.completed","feature":"map_location","result":"success","duration_bucket":"under100ms","correlation_id":"map-11"}
09-17 18:18:25.053  8112  8138 D InputTransport: Input channel destroyed: 'ClientS', fd=315
09-17 18:18:25.054  8112  8138 D InputTransport: Input channel destroyed: 'ClientS', fd=258
09-17 18:18:25.054  8112  8138 D InputTransport: Input channel destroyed: 'ClientS', fd=342
09-17 18:18:25.055  8112  8138 D InputTransport: Input channel destroyed: 'ClientS', fd=308
09-17 18:18:25.975  8112  8112 I ViewRootImpl@bdf564[MainActivity]: ViewPostIme pointer 0
09-17 18:18:25.979  8112  8112 I ViewRootImpl@bdf564[MainActivity]: ViewPostIme pointer 1
09-17 18:18:28.916  8112  8112 I ViewRootImpl@bdf564[MainActivity]: ViewPostIme pointer 0
09-17 18:18:28.920  8112  8112 I ViewRootImpl@bdf564[MainActivity]: ViewPostIme pointer 1
09-17 18:18:31.802  8112  8112 I ViewRootImpl@bdf564[MainActivity]: ViewPostIme pointer 0
09-17 18:18:31.805  8112  8112 I ViewRootImpl@bdf564[MainActivity]: ViewPostIme pointer 1
09-17 18:18:31.825  8112  8112 D InputMethodManagerUtils: startInputInner - Id : 0
09-17 18:18:31.825  8112  8112 I InputMethodManager: startInputInner - IInputMethodManagerGlobalInvoker.startInputOrWindowGainedFocus
09-17 18:18:31.828  8112  8112 I InputMethodManager_LC: showSoftInput(View,I)
09-17 18:18:31.828  8112  8112 I ImeTracker: com.locatemy.crimeqa:60dcbce0: onRequestShow at ORIGIN_CLIENT_SHOW_SOFT_INPUT reason SHOW_SOFT_INPUT
09-17 18:18:31.828  8112  8112 I InputMethodManager_LC: ssi(): flags=0 view=com.locatemy.crimeqa reason = SHOW_SOFT_INPUT
09-17 18:18:31.828  8112  8112 I InputMethodManager_LC: ssi() view is not EditText
09-17 18:18:31.828  8112  8112 D InputMethodManager: showSoftInput() view=io.flutter.embedding.android.FlutterView{cdd8cad VFE...... .F...... 0,0-1080,2265 #1 aid=1073741824} flags=0 reason=SHOW_SOFT_INPUT
09-17 18:18:31.842  8112  8112 I AssistStructure: Flattened final assist data: 380 bytes, containing 1 windows, 3 views
09-17 18:18:31.848  8112  8112 D InputConnectionAdaptor: The input method toggled cursor monitoring on
09-17 18:18:31.867  8112  8148 I ViewRootImpl@bdf564[MainActivity]: Resizing android.view.ViewRootImpl@8af20c2: frame = [0,0][1080,2400] reportDraw = false forceLayout = false syncSeqId = -1
09-17 18:18:31.868  8112  8112 I InsetsController: onStateChanged: host=com.locatemy.crimeqa/com.locatemy.app.MainActivity, from=android.view.ViewRootImpl$ViewRootHandler.handleMessageImpl:7209, state=InsetsState: {mDisplayFrame=Rect(0, 0 - 1080, 2400), mDisplayCutout=DisplayCutout{insets=Rect(0, 88 - 0, 0) waterfall=Insets{left=0, top=0, right=0, bottom=0} boundingRect={Bounds=[Rect(0, 0 - 0, 0), Rect(512, 0 - 568, 88), Rect(0, 0 - 0, 0), Rect(0, 0 - 0, 0)]} cutoutPathParserInfo={CutoutPathParserInfo{displayWidth=1080 displayHeight=2400 physicalDisplayWidth=1080 physicalDisplayHeight=2400 density={2.8125} cutoutSpec={M 0,0 M 0,11.43427858034597 a 9.899054752987353,9.899054752987353 0 1,0 0,19.79810950597471 a 9.899054752987353,9.899054752987353 0 1,0 0,-19.79810950597471 Z @dp} rotation={0} scale={1.0} physicalPixelDisplaySizeRatio={1.0}}}}, mRoundedCorners=RoundedCorners{[RoundedCorner{position=TopLeft, radius=0, center=Point(0, 0)}, RoundedCorner{position=TopRight, radius=0, center=Point(0, 0)}, RoundedCorner{position=BottomRight, radius=0, center=Point(0, 0)}, RoundedCorner{position=BottomLeft, radius=0, center=Point(0, 0)}]}  mRoundedCornerFrame=Rect(0, 0 - 1080, 2400), mPrivacyIndicatorBounds=PrivacyIndicatorBounds {static bounds=Rect(956, 0 - 1080, 88) rotation=0}, mDisplayShape=DisplayShape{ spec=-311912193 displayWidth=1080 displayHeight=2400 physicalPixelDisplaySizeRatio=1.0 rotation=0 offsetX=0 offsetY=0 scale=1.0}, mSources= { InsetsSource: {3 mType=ime mFrame=[0,2265][1080,2400] mVisible=false mFlags=[]}, InsetsSource: {27 mType=displayCutout mFrame=[0,0][1080,88] mVisible=true mFlags=[]}, InsetsSource: {23820000 mType=statusBars mFrame=[0,0][1080,88] mVisible=true mFlags=[]}, InsetsSource: {23820005 mType=mandatorySystemGestures mFrame=[0,0][1080,122] mVisible=true mFlags=[]}, InsetsSource: {23820006 mType=tappableElement mFrame=[0,0][1080,88] mVisible=true mFlags=[]}, InsetsSource: {37b40001 mType=navigationBars mFrame=[0,2265][1080,2400] mVisible=true mFlags=[]}, InsetsSource: {37b40004 mType=systemGestures mFrame=[0,0][0,0] mVisible=true mFlags=[]}, InsetsSource: {37b40005 mType=mandatorySystemGestures mFrame=[0,2265][1080,2400] mVisible=true mFlags=[]}, InsetsSource: {37b40006 mType=tappableElement mFrame=[0,2265][1080,2400] mVisible=true mFlags=[]}, InsetsSource: {37b40024 mType=systemGestures mFrame=[0,0][0,0] mVisible=true mFlags=[]} }
09-17 18:18:31.868  8112  8112 I InsetsSourceConsumer: applyRequestedVisibilityToControl: visible=false, type=ime, host=com.locatemy.crimeqa/com.locatemy.app.MainActivity
09-17 18:18:31.869  8112  8112 I ViewRootImpl@bdf564[MainActivity]: handleResized, msg = 4 frames=ClientWindowFrames{frame=[0,0][1080,2400] display=[0,0][1080,2400] parentFrame=[0,0][0,0]} forceNextWindowRelayout=false displayId=0 dragResizing=false compatScale=1.0 frameChanged=false attachedFrameChanged=false configChanged=false displayChanged=false compatScaleChanged=false
09-17 18:18:31.881  8112  8112 I InsetsController: onStateChanged: host=com.locatemy.crimeqa/com.locatemy.app.MainActivity, from=android.view.ViewRootImpl$ViewRootHandler.handleMessageImpl:7209, state=InsetsState: {mDisplayFrame=Rect(0, 0 - 1080, 2400), mDisplayCutout=DisplayCutout{insets=Rect(0, 88 - 0, 0) waterfall=Insets{left=0, top=0, right=0, bottom=0} boundingRect={Bounds=[Rect(0, 0 - 0, 0), Rect(512, 0 - 568, 88), Rect(0, 0 - 0, 0), Rect(0, 0 - 0, 0)]} cutoutPathParserInfo={CutoutPathParserInfo{displayWidth=1080 displayHeight=2400 physicalDisplayWidth=1080 physicalDisplayHeight=2400 density={2.8125} cutoutSpec={M 0,0 M 0,11.43427858034597 a 9.899054752987353,9.899054752987353 0 1,0 0,19.79810950597471 a 9.899054752987353,9.899054752987353 0 1,0 0,-19.79810950597471 Z @dp} rotation={0} scale={1.0} physicalPixelDisplaySizeRatio={1.0}}}}, mRoundedCorners=RoundedCorners{[RoundedCorner{position=TopLeft, radius=0, center=Point(0, 0)}, RoundedCorner{position=TopRight, radius=0, center=Point(0, 0)}, RoundedCorner{position=BottomRight, radius=0, center=Point(0, 0)}, RoundedCorner{position=BottomLeft, radius=0, center=Point(0, 0)}]}  mRoundedCornerFrame=Rect(0, 0 - 1080, 2400), mPrivacyIndicatorBounds=PrivacyIndicatorBounds {static bounds=Rect(956, 0 - 1080, 88) rotation=0}, mDisplayShape=DisplayShape{ spec=-311912193 displayWidth=1080 displayHeight=2400 physicalPixelDisplaySizeRatio=1.0 rotation=0 offsetX=0 offsetY=0 scale=1.0}, mSources= { InsetsSource: {3 mType=ime mFrame=[0,1548][1080,2400] mVisible=false mFlags=[]}, InsetsSource: {27 mType=displayCutout mFrame=[0,0][1080,88] mVisible=true mFlags=[]}, InsetsSource: {23820000 mType=statusBars mFrame=[0,0][1080,88] mVisible=true mFlags=[]}, InsetsSource: {23820005 mType=mandatorySystemGestures mFrame=[0,0][1080,122] mVisible=true mFlags=[]}, InsetsSource: {23820006 mType=tappableElement mFrame=[0,0][1080,88] mVisible=true mFlags=[]}, InsetsSource: {37b40001 mType=navigationBars mFrame=[0,2265][1080,2400] mVisible=true mFlags=[]}, InsetsSource: {37b40004 mType=systemGestures mFrame=[0,0][0,0] mVisible=true mFlags=[]}, InsetsSource: {37b40005 mType=mandatorySystemGestures mFrame=[0,2265][1080,2400] mVisible=true mFlags=[]}, InsetsSource: {37b40006 mType=tappableElement mFrame=[0,2265][1080,2400] mVisible=true mFlags=[]}, InsetsSource: {37b40024 mType=systemGestures mFrame=[0,0][0,0] mVisible=true mFlags=[]} }
09-17 18:18:31.882  8112  8112 I InsetsSourceConsumer: applyRequestedVisibilityToControl: visible=false, type=ime, host=com.locatemy.crimeqa/com.locatemy.app.MainActivity
09-17 18:18:31.885  8112  8148 I ViewRootImpl@bdf564[MainActivity]: Resizing android.view.ViewRootImpl@8af20c2: frame = [0,0][1080,2400] reportDraw = false forceLayout = false syncSeqId = -1
09-17 18:18:31.886  8112  8112 I ViewRootImpl@bdf564[MainActivity]: handleResized, msg = 4 frames=ClientWindowFrames{frame=[0,0][1080,2400] display=[0,0][1080,2400] parentFrame=[0,0][0,0]} forceNextWindowRelayout=false displayId=0 dragResizing=false compatScale=1.0 frameChanged=false attachedFrameChanged=false configChanged=false displayChanged=false compatScaleChanged=false
09-17 18:18:31.887  8112  8112 D InsetsController: show(ime(), fromIme=true)
09-17 18:18:31.888  8112  8112 I InsetsController: setRequestedVisibleTypes: visible=true, mask=ime, host=com.locatemy.crimeqa/com.locatemy.app.MainActivity, from=android.view.InsetsController.controlAnimationUnchecked:1445 android.view.InsetsController.applyAnimation:2005 android.view.InsetsController.applyAnimation:1968 android.view.InsetsController.show:1309 android.view.ViewRootImpl$ViewRootHandler.handleMessageImpl:7233 android.view.ViewRootImpl$ViewRootHandler.handleMessage:7166 android.os.Handler.dispatchMessage:106 android.os.Looper.loopOnce:230 android.os.Looper.loop:319 android.app.ActivityThread.main:8919 
09-17 18:18:31.888  8112  8112 I InsetsController: controlAnimationUncheckedInner: Added types=ime, animType=0, host=com.locatemy.crimeqa/com.locatemy.app.MainActivity, from=android.view.InsetsController.controlAnimationUnchecked:1449 android.view.InsetsController.applyAnimation:2005 android.view.InsetsController.applyAnimation:1968 
09-17 18:18:31.893  8112  8147 I ViewRootImpl@bdf564[MainActivity]: Resizing android.view.ViewRootImpl@8af20c2: frame = [0,0][1080,2400] reportDraw = false forceLayout = false syncSeqId = -1
09-17 18:18:31.897  8112  8112 D FlutterJNI: Sending viewport metrics to the engine.
09-17 18:18:31.898  8112  8558 I ViewRootImpl@bdf564[MainActivity]: mWNT: t=0xb400007123a8bf90 mBlastBufferQueue=0xb400007153a2b710 fn= 198 mRenderHdrSdrRatio=1.0 caller= android.view.SyncRtSurfaceTransactionApplier.applyTransaction:96 android.view.SyncRtSurfaceTransactionApplier.lambda$scheduleApply$0:69 android.view.SyncRtSurfaceTransactionApplier.$r8$lambda$SgowXC58rj3PR958kHUfRgLZmvE:0 
09-17 18:18:31.899  8112  8112 I InsetsController: onStateChanged: host=com.locatemy.crimeqa/com.locatemy.app.MainActivity, from=android.view.ViewRootImpl$ViewRootHandler.handleMessageImpl:7209, state=InsetsState: {mDisplayFrame=Rect(0, 0 - 1080, 2400), mDisplayCutout=DisplayCutout{insets=Rect(0, 88 - 0, 0) waterfall=Insets{left=0, top=0, right=0, bottom=0} boundingRect={Bounds=[Rect(0, 0 - 0, 0), Rect(512, 0 - 568, 88), Rect(0, 0 - 0, 0), Rect(0, 0 - 0, 0)]} cutoutPathParserInfo={CutoutPathParserInfo{displayWidth=1080 displayHeight=2400 physicalDisplayWidth=1080 physicalDisplayHeight=2400 density={2.8125} cutoutSpec={M 0,0 M 0,11.43427858034597 a 9.899054752987353,9.899054752987353 0 1,0 0,19.79810950597471 a 9.899054752987353,9.899054752987353 0 1,0 0,-19.79810950597471 Z @dp} rotation={0} scale={1.0} physicalPixelDisplaySizeRatio={1.0}}}}, mRoundedCorners=RoundedCorners{[RoundedCorner{position=TopLeft, radius=0, center=Point(0, 0)}, RoundedCorner{position=TopRight, radius=0, center=Point(0, 0)}, RoundedCorner{position=BottomRight, radius=0, center=Point(0, 0)}, RoundedCorner{position=BottomLeft, radius=0, center=Point(0, 0)}]}  mRoundedCornerFrame=Rect(0, 0 - 1080, 2400), mPrivacyIndicatorBounds=PrivacyIndicatorBounds {static bounds=Rect(956, 0 - 1080, 88) rotation=0}, mDisplayShape=DisplayShape{ spec=-311912193 displayWidth=1080 displayHeight=2400 physicalPixelDisplaySizeRatio=1.0 rotation=0 offsetX=0 offsetY=0 scale=1.0}, mSources= { InsetsSource: {3 mType=ime mFrame=[0,1548][1080,2400] mVisible=true mFlags=[]}, InsetsSource: {27 mType=displayCutout mFrame=[0,0][1080,88] mVisible=true mFlags=[]}, InsetsSource: {23820000 mType=statusBars mFrame=[0,0][1080,88] mVisible=true mFlags=[]}, InsetsSource: {23820005 mType=mandatorySystemGestures mFrame=[0,0][1080,122] mVisible=true mFlags=[]}, InsetsSource: {23820006 mType=tappableElement mFrame=[0,0][1080,88] mVisible=true mFlags=[]}, InsetsSource: {37b40001 mType=navigationBars mFrame=[0,2265][1080,2400] mVisible=true mFlags=[]}, InsetsSource: {37b40004 mType=systemGestures mFrame=[0,0][0,0] mVisible=true mFlags=[]}, InsetsSource: {37b40005 mType=mandatorySystemGestures mFrame=[0,2265][1080,2400] mVisible=true mFlags=[]}, InsetsSource: {37b40006 mType=tappableElement mFrame=[0,2265][1080,2400] mVisible=true mFlags=[]}, InsetsSource: {37b40024 mType=systemGestures mFrame=[0,0][0,0] mVisible=true mFlags=[]} }
09-17 18:18:31.905  8112  8112 I ViewRootImpl@bdf564[MainActivity]: handleResized, msg = 4 frames=ClientWindowFrames{frame=[0,0][1080,2400] display=[0,0][1080,2400] parentFrame=[0,0][0,0]} forceNextWindowRelayout=false displayId=0 dragResizing=false compatScale=1.0 frameChanged=false attachedFrameChanged=false configChanged=false displayChanged=false compatScaleChanged=false
09-17 18:18:31.906  8112  8112 D FlutterJNI: Sending viewport metrics to the engine.
09-17 18:18:31.907  8112  8557 I ViewRootImpl@bdf564[MainActivity]: mWNT: t=0xb400007123a843d0 mBlastBufferQueue=0xb400007153a2b710 fn= 199 mRenderHdrSdrRatio=1.0 caller= android.view.SyncRtSurfaceTransactionApplier.applyTransaction:96 android.view.SyncRtSurfaceTransactionApplier.lambda$scheduleApply$0:69 android.view.SyncRtSurfaceTransactionApplier.$r8$lambda$SgowXC58rj3PR958kHUfRgLZmvE:0 
09-17 18:18:31.914  8112  8112 D FlutterJNI: Sending viewport metrics to the engine.
09-17 18:18:31.915  8112  8558 I ViewRootImpl@bdf564[MainActivity]: mWNT: t=0xb400007123a72cb0 mBlastBufferQueue=0xb400007153a2b710 fn= 200 mRenderHdrSdrRatio=1.0 caller= android.view.SyncRtSurfaceTransactionApplier.applyTransaction:96 android.view.SyncRtSurfaceTransactionApplier.lambda$scheduleApply$0:69 android.view.SyncRtSurfaceTransactionApplier.$r8$lambda$SgowXC58rj3PR958kHUfRgLZmvE:0 
09-17 18:18:31.922  8112  8112 D FlutterJNI: Sending viewport metrics to the engine.
09-17 18:18:31.924  8112  8557 I ViewRootImpl@bdf564[MainActivity]: mWNT: t=0xb400007123a939f0 mBlastBufferQueue=0xb400007153a2b710 fn= 201 mRenderHdrSdrRatio=1.0 caller= android.view.SyncRtSurfaceTransactionApplier.applyTransaction:96 android.view.SyncRtSurfaceTransactionApplier.lambda$scheduleApply$0:69 android.view.SyncRtSurfaceTransactionApplier.$r8$lambda$SgowXC58rj3PR958kHUfRgLZmvE:0 
09-17 18:18:31.933  8112  8112 D FlutterJNI: Sending viewport metrics to the engine.
09-17 18:18:31.934  8112  8558 I ViewRootImpl@bdf564[MainActivity]: mWNT: t=0xb400007123a84270 mBlastBufferQueue=0xb400007153a2b710 fn= 202 mRenderHdrSdrRatio=1.0 caller= android.view.SyncRtSurfaceTransactionApplier.applyTransaction:96 android.view.SyncRtSurfaceTransactionApplier.lambda$scheduleApply$0:69 android.view.SyncRtSurfaceTransactionApplier.$r8$lambda$SgowXC58rj3PR958kHUfRgLZmvE:0 
09-17 18:18:31.942  8112  8112 D FlutterJNI: Sending viewport metrics to the engine.
09-17 18:18:31.943  8112  8557 I ViewRootImpl@bdf564[MainActivity]: mWNT: t=0xb400007123a7d310 mBlastBufferQueue=0xb400007153a2b710 fn= 203 mRenderHdrSdrRatio=1.0 caller= android.view.SyncRtSurfaceTransactionApplier.applyTransaction:96 android.view.SyncRtSurfaceTransactionApplier.lambda$scheduleApply$0:69 android.view.SyncRtSurfaceTransactionApplier.$r8$lambda$SgowXC58rj3PR958kHUfRgLZmvE:0 
09-17 18:18:31.947  8112  8112 D FlutterJNI: Sending viewport metrics to the engine.
09-17 18:18:31.948  8112  8558 I ViewRootImpl@bdf564[MainActivity]: mWNT: t=0xb400007123a86210 mBlastBufferQueue=0xb400007153a2b710 fn= 204 mRenderHdrSdrRatio=1.0 caller= android.view.SyncRtSurfaceTransactionApplier.applyTransaction:96 android.view.SyncRtSurfaceTransactionApplier.lambda$scheduleApply$0:69 android.view.SyncRtSurfaceTransactionApplier.$r8$lambda$SgowXC58rj3PR958kHUfRgLZmvE:0 
09-17 18:18:31.959  8112  8112 D FlutterJNI: Sending viewport metrics to the engine.
09-17 18:18:31.960  8112  8557 I ViewRootImpl@bdf564[MainActivity]: mWNT: t=0xb400007123a78090 mBlastBufferQueue=0xb400007153a2b710 fn= 205 mRenderHdrSdrRatio=1.0 caller= android.view.SyncRtSurfaceTransactionApplier.applyTransaction:96 android.view.SyncRtSurfaceTransactionApplier.lambda$scheduleApply$0:69 android.view.SyncRtSurfaceTransactionApplier.$r8$lambda$SgowXC58rj3PR958kHUfRgLZmvE:0 
09-17 18:18:31.964  8112  8112 D FlutterJNI: Sending viewport metrics to the engine.
09-17 18:18:31.965  8112  8558 I ViewRootImpl@bdf564[MainActivity]: mWNT: t=0xb400007123a7a710 mBlastBufferQueue=0xb400007153a2b710 fn= 206 mRenderHdrSdrRatio=1.0 caller= android.view.SyncRtSurfaceTransactionApplier.applyTransaction:96 android.view.SyncRtSurfaceTransactionApplier.lambda$scheduleApply$0:69 android.view.SyncRtSurfaceTransactionApplier.$r8$lambda$SgowXC58rj3PR958kHUfRgLZmvE:0 
09-17 18:18:31.988  8112  8112 D FlutterJNI: Sending viewport metrics to the engine.
09-17 18:18:31.990  8112  8557 I ViewRootImpl@bdf564[MainActivity]: mWNT: t=0xb400007123a3f930 mBlastBufferQueue=0xb400007153a2b710 fn= 207 mRenderHdrSdrRatio=1.0 caller= android.view.SyncRtSurfaceTransactionApplier.applyTransaction:96 android.view.SyncRtSurfaceTransactionApplier.lambda$scheduleApply$0:69 android.view.SyncRtSurfaceTransactionApplier.$r8$lambda$SgowXC58rj3PR958kHUfRgLZmvE:0 
09-17 18:18:32.011  8112  8112 D FlutterJNI: Sending viewport metrics to the engine.
09-17 18:18:32.013  8112  8558 I ViewRootImpl@bdf564[MainActivity]: mWNT: t=0xb400007123a92ef0 mBlastBufferQueue=0xb400007153a2b710 fn= 208 mRenderHdrSdrRatio=1.0 caller= android.view.SyncRtSurfaceTransactionApplier.applyTransaction:96 android.view.SyncRtSurfaceTransactionApplier.lambda$scheduleApply$0:69 android.view.SyncRtSurfaceTransactionApplier.$r8$lambda$SgowXC58rj3PR958kHUfRgLZmvE:0 
09-17 18:18:32.034  8112  8112 D FlutterJNI: Sending viewport metrics to the engine.
09-17 18:18:32.036  8112  8557 I ViewRootImpl@bdf564[MainActivity]: mWNT: t=0xb400007123a926b0 mBlastBufferQueue=0xb400007153a2b710 fn= 209 mRenderHdrSdrRatio=1.0 caller= android.view.SyncRtSurfaceTransactionApplier.applyTransaction:96 android.view.SyncRtSurfaceTransactionApplier.lambda$scheduleApply$0:69 android.view.SyncRtSurfaceTransactionApplier.$r8$lambda$SgowXC58rj3PR958kHUfRgLZmvE:0 
09-17 18:18:32.038  8112  8112 D FlutterJNI: Sending viewport metrics to the engine.
09-17 18:18:32.039  8112  8558 I ViewRootImpl@bdf564[MainActivity]: mWNT: t=0xb400007123a864d0 mBlastBufferQueue=0xb400007153a2b710 fn= 210 mRenderHdrSdrRatio=1.0 caller= android.view.SyncRtSurfaceTransactionApplier.applyTransaction:96 android.view.SyncRtSurfaceTransactionApplier.lambda$scheduleApply$0:69 android.view.SyncRtSurfaceTransactionApplier.$r8$lambda$SgowXC58rj3PR958kHUfRgLZmvE:0 
09-17 18:18:32.056  8112  8112 D FlutterJNI: Sending viewport metrics to the engine.
09-17 18:18:32.058  8112  8557 I ViewRootImpl@bdf564[MainActivity]: mWNT: t=0xb400007123a93b50 mBlastBufferQueue=0xb400007153a2b710 fn= 211 mRenderHdrSdrRatio=1.0 caller= android.view.SyncRtSurfaceTransactionApplier.applyTransaction:96 android.view.SyncRtSurfaceTransactionApplier.lambda$scheduleApply$0:69 android.view.SyncRtSurfaceTransactionApplier.$r8$lambda$SgowXC58rj3PR958kHUfRgLZmvE:0 
09-17 18:18:32.064  8112  8112 D FlutterJNI: Sending viewport metrics to the engine.
09-17 18:18:32.066  8112  8558 I ViewRootImpl@bdf564[MainActivity]: mWNT: t=0xb400007123a92130 mBlastBufferQueue=0xb400007153a2b710 fn= 212 mRenderHdrSdrRatio=1.0 caller= android.view.SyncRtSurfaceTransactionApplier.applyTransaction:96 android.view.SyncRtSurfaceTransactionApplier.lambda$scheduleApply$0:69 android.view.SyncRtSurfaceTransactionApplier.$r8$lambda$SgowXC58rj3PR958kHUfRgLZmvE:0 
09-17 18:18:32.086  8112  8112 D FlutterJNI: Sending viewport metrics to the engine.
09-17 18:18:32.087  8112  8557 I ViewRootImpl@bdf564[MainActivity]: mWNT: t=0xb400007123a90f50 mBlastBufferQueue=0xb400007153a2b710 fn= 213 mRenderHdrSdrRatio=1.0 caller= android.view.SyncRtSurfaceTransactionApplier.applyTransaction:96 android.view.SyncRtSurfaceTransactionApplier.lambda$scheduleApply$0:69 android.view.SyncRtSurfaceTransactionApplier.$r8$lambda$SgowXC58rj3PR958kHUfRgLZmvE:0 
09-17 18:18:32.089  8112  8112 D FlutterJNI: Sending viewport metrics to the engine.
09-17 18:18:32.090  8112  8558 I ViewRootImpl@bdf564[MainActivity]: mWNT: t=0xb400007123a68bd0 mBlastBufferQueue=0xb400007153a2b710 fn= 214 mRenderHdrSdrRatio=1.0 caller= android.view.SyncRtSurfaceTransactionApplier.applyTransaction:96 android.view.SyncRtSurfaceTransactionApplier.lambda$scheduleApply$0:69 android.view.SyncRtSurfaceTransactionApplier.$r8$lambda$SgowXC58rj3PR958kHUfRgLZmvE:0 
09-17 18:18:32.107  8112  8112 D FlutterJNI: Sending viewport metrics to the engine.
09-17 18:18:32.108  8112  8557 I ViewRootImpl@bdf564[MainActivity]: mWNT: t=0xb400007123a868f0 mBlastBufferQueue=0xb400007153a2b710 fn= 215 mRenderHdrSdrRatio=1.0 caller= android.view.SyncRtSurfaceTransactionApplier.applyTransaction:96 android.view.SyncRtSurfaceTransactionApplier.lambda$scheduleApply$0:69 android.view.SyncRtSurfaceTransactionApplier.$r8$lambda$SgowXC58rj3PR958kHUfRgLZmvE:0 
09-17 18:18:32.114  8112  8112 D FlutterJNI: Sending viewport metrics to the engine.
09-17 18:18:32.115  8112  8558 I ViewRootImpl@bdf564[MainActivity]: mWNT: t=0xb400007123a93f70 mBlastBufferQueue=0xb400007153a2b710 fn= 216 mRenderHdrSdrRatio=1.0 caller= android.view.SyncRtSurfaceTransactionApplier.applyTransaction:96 android.view.SyncRtSurfaceTransactionApplier.lambda$scheduleApply$0:69 android.view.SyncRtSurfaceTransactionApplier.$r8$lambda$SgowXC58rj3PR958kHUfRgLZmvE:0 
09-17 18:18:32.134  8112  8112 D FlutterJNI: Sending viewport metrics to the engine.
09-17 18:18:32.135  8112  8557 I ViewRootImpl@bdf564[MainActivity]: mWNT: t=0xb400007123a67050 mBlastBufferQueue=0xb400007153a2b710 fn= 217 mRenderHdrSdrRatio=1.0 caller= android.view.SyncRtSurfaceTransactionApplier.applyTransaction:96 android.view.SyncRtSurfaceTransactionApplier.lambda$scheduleApply$0:69 android.view.SyncRtSurfaceTransactionApplier.$r8$lambda$SgowXC58rj3PR958kHUfRgLZmvE:0 
09-17 18:18:32.138  8112  8112 D FlutterJNI: Sending viewport metrics to the engine.
09-17 18:18:32.140  8112  8558 I ViewRootImpl@bdf564[MainActivity]: mWNT: t=0xb400007123a8cbf0 mBlastBufferQueue=0xb400007153a2b710 fn= 218 mRenderHdrSdrRatio=1.0 caller= android.view.SyncRtSurfaceTransactionApplier.applyTransaction:96 android.view.SyncRtSurfaceTransactionApplier.lambda$scheduleApply$0:69 android.view.SyncRtSurfaceTransactionApplier.$r8$lambda$SgowXC58rj3PR958kHUfRgLZmvE:0 
09-17 18:18:32.158  8112  8112 D FlutterJNI: Sending viewport metrics to the engine.
09-17 18:18:32.159  8112  8557 I ViewRootImpl@bdf564[MainActivity]: mWNT: t=0xb400007123a98f30 mBlastBufferQueue=0xb400007153a2b710 fn= 219 mRenderHdrSdrRatio=1.0 caller= android.view.SyncRtSurfaceTransactionApplier.applyTransaction:96 android.view.SyncRtSurfaceTransactionApplier.lambda$scheduleApply$0:69 android.view.SyncRtSurfaceTransactionApplier.$r8$lambda$SgowXC58rj3PR958kHUfRgLZmvE:0 
09-17 18:18:32.164  8112  8112 D FlutterJNI: Sending viewport metrics to the engine.
09-17 18:18:32.165  8112  8558 I ViewRootImpl@bdf564[MainActivity]: mWNT: t=0xb400007123a94a70 mBlastBufferQueue=0xb400007153a2b710 fn= 220 mRenderHdrSdrRatio=1.0 caller= android.view.SyncRtSurfaceTransactionApplier.applyTransaction:96 android.view.SyncRtSurfaceTransactionApplier.lambda$scheduleApply$0:69 android.view.SyncRtSurfaceTransactionApplier.$r8$lambda$SgowXC58rj3PR958kHUfRgLZmvE:0 
09-17 18:18:32.192  8112  8112 I InsetsController: cancelAnimation: types=ime, animType=0, host=com.locatemy.crimeqa/com.locatemy.app.MainActivity, from=android.view.InsetsController.notifyFinished:1748 android.view.InsetsAnimationControlImpl.applyChangeInsets:312 android.view.InsetsController.lambda$new$3:918 
09-17 18:18:32.192  8112  8112 I ImeTracker: com.locatemy.crimeqa:60dcbce0: onShown
09-17 18:18:32.192  8112  8112 D FlutterJNI: Sending viewport metrics to the engine.
09-17 18:18:32.193  8112  8112 D FlutterJNI: Sending viewport metrics to the engine.
09-17 18:18:32.194  8112  8557 I ViewRootImpl@bdf564[MainActivity]: mWNT: t=0xb400007123a8e4b0 mBlastBufferQueue=0xb400007153a2b710 fn= 221 mRenderHdrSdrRatio=1.0 caller= android.view.SyncRtSurfaceTransactionApplier.applyTransaction:96 android.view.SyncRtSurfaceTransactionApplier.lambda$scheduleApply$0:69 android.view.SyncRtSurfaceTransactionApplier.$r8$lambda$SgowXC58rj3PR958kHUfRgLZmvE:0 
09-17 18:18:32.195  8112  8557 I ViewRootImpl@bdf564[MainActivity]: mWNT: t=0xb400007123a8e610 mBlastBufferQueue=0xb400007153a2b710 fn= 221 mRenderHdrSdrRatio=1.0 caller= android.view.SyncRtSurfaceTransactionApplier.applyTransaction:96 android.view.SyncRtSurfaceTransactionApplier.lambda$scheduleApply$0:69 android.view.SyncRtSurfaceTransactionApplier.$r8$lambda$SgowXC58rj3PR958kHUfRgLZmvE:0 
09-17 18:18:32.488  8112  8112 I ViewRootImpl@bdf564[MainActivity]: setInTouchMode(false), android.view.ViewRootImpl.checkForLeavingTouchModeAndConsume:9568 android.view.ViewRootImpl.-$$Nest$mcheckForLeavingTouchModeAndConsume:0 android.view.ViewRootImpl$EarlyPostImeInputStage.processKeyEvent:8214 android.view.ViewRootImpl$EarlyPostImeInputStage.onProcess:8198 android.view.ViewRootImpl$InputStage.deliver:7682 android.view.ViewRootImpl$InputStage.onDeliverToNext:7739 android.view.ViewRootImpl$InputStage.forward:7705 android.view.ViewRootImpl$AsyncInputStage.forward:7941 android.view.ViewRootImpl$ImeInputStage.onFinishedInputEvent:8183 android.view.inputmethod.InputMethodManager$PendingEvent.run:4578 
09-17 18:18:32.488  8112  8112 I ViewRootImpl@bdf564[MainActivity]: ViewPostIme key 0
09-17 18:18:32.490  8112  8112 I ViewRootImpl@bdf564[MainActivity]: MSG_WINDOW_TOUCH_MODE_CHANGED 
09-17 18:18:32.498  8112  8112 I ViewRootImpl@bdf564[MainActivity]: ViewPostIme key 1
09-17 18:18:32.502  8112  8112 I ViewRootImpl@bdf564[MainActivity]: ViewPostIme key 0
09-17 18:18:32.519  8112  8112 I ViewRootImpl@bdf564[MainActivity]: ViewPostIme key 1
09-17 18:18:32.522  8112  8112 I ViewRootImpl@bdf564[MainActivity]: ViewPostIme key 0
09-17 18:18:32.540  8112  8112 I ViewRootImpl@bdf564[MainActivity]: ViewPostIme key 1
09-17 18:18:32.544  8112  8112 I ViewRootImpl@bdf564[MainActivity]: ViewPostIme key 0
09-17 18:18:32.550  8112  8112 I ViewRootImpl@bdf564[MainActivity]: ViewPostIme key 1
09-17 18:18:32.567  8112  8112 I ViewRootImpl@bdf564[MainActivity]: ViewPostIme key 0
09-17 18:18:32.573  8112  8112 I ViewRootImpl@bdf564[MainActivity]: ViewPostIme key 1
09-17 18:18:32.589  8112  8112 I ViewRootImpl@bdf564[MainActivity]: ViewPostIme key 0
09-17 18:18:32.594  8112  8112 I ViewRootImpl@bdf564[MainActivity]: ViewPostIme key 1
09-17 18:18:32.649  8112  8112 I ViewRootImpl@bdf564[MainActivity]: ViewPostIme pointer 0
09-17 18:18:32.649  8112  8112 I ViewRootImpl@bdf564[MainActivity]: MSG_WINDOW_TOUCH_MODE_CHANGED 
09-17 18:18:32.654  8112  8112 I ViewRootImpl@bdf564[MainActivity]: ViewPostIme pointer 1
09-17 18:18:32.712  8112  8112 D InputMethodManagerUtils: startInputInner - Id : 0
09-17 18:18:32.712  8112  8112 I InputMethodManager: startInputInner - IInputMethodManagerGlobalInvoker.startInputOrWindowGainedFocus
09-17 18:18:32.716  8112  8112 I InputMethodManager_LC: showSoftInput(View,I)
09-17 18:18:32.716  8112  8112 I ImeTracker: com.locatemy.crimeqa:b8e67f74: onRequestShow at ORIGIN_CLIENT_SHOW_SOFT_INPUT reason SHOW_SOFT_INPUT
09-17 18:18:32.716  8112  8112 I InputMethodManager_LC: ssi(): flags=0 view=com.locatemy.crimeqa reason = SHOW_SOFT_INPUT
09-17 18:18:32.716  8112  8112 I InputMethodManager_LC: ssi() view is not EditText
09-17 18:18:32.716  8112  8112 D InputMethodManager: showSoftInput() view=io.flutter.embedding.android.FlutterView{cdd8cad VFE...... .F...... 0,0-1080,2265 #1 aid=1073741824} flags=0 reason=SHOW_SOFT_INPUT
09-17 18:18:32.719  8112  8112 I InputMethodManager_LC: showSoftInput(View,I)
09-17 18:18:32.720  8112  8112 I ImeTracker: com.locatemy.crimeqa:884b5b52: onRequestShow at ORIGIN_CLIENT_SHOW_SOFT_INPUT reason SHOW_SOFT_INPUT
09-17 18:18:32.720  8112  8112 I InputMethodManager_LC: ssi(): flags=0 view=com.locatemy.crimeqa reason = SHOW_SOFT_INPUT
09-17 18:18:32.720  8112  8112 I InputMethodManager_LC: ssi() view is not EditText
09-17 18:18:32.720  8112  8112 D InputMethodManager: showSoftInput() view=io.flutter.embedding.android.FlutterView{cdd8cad VFE...... .F...... 0,0-1080,2265 #1 aid=1073741824} flags=0 reason=SHOW_SOFT_INPUT
09-17 18:18:32.732  8112  8112 D InputConnectionAdaptor: The input method toggled cursor monitoring on
09-17 18:18:32.734  8112  8112 I AssistStructure: Flattened final assist data: 380 bytes, containing 1 windows, 3 views
09-17 18:18:32.744  8112  8112 D InputConnectionAdaptor: The input method toggled cursor monitoring off
09-17 18:18:32.745  8112  8112 D InputConnectionAdaptor: The input method toggled cursor monitoring on
09-17 18:18:32.751  8112  8112 D InsetsController: show(ime(), fromIme=true)
09-17 18:18:32.752  8112  8112 I ImeTracker: com.locatemy.crimeqa:b8e67f74: onCancelled at PHASE_CLIENT_APPLY_ANIMATION
09-17 18:18:32.762  8112  8112 D InsetsController: show(ime(), fromIme=true)
09-17 18:18:32.762  8112  8112 I ImeTracker: com.locatemy.crimeqa:884b5b52: onCancelled at PHASE_CLIENT_APPLY_ANIMATION
09-17 18:18:33.356  8112  8112 I ViewRootImpl@bdf564[MainActivity]: setInTouchMode(false), android.view.ViewRootImpl.checkForLeavingTouchModeAndConsume:9568 android.view.ViewRootImpl.-$$Nest$mcheckForLeavingTouchModeAndConsume:0 android.view.ViewRootImpl$EarlyPostImeInputStage.processKeyEvent:8214 android.view.ViewRootImpl$EarlyPostImeInputStage.onProcess:8198 android.view.ViewRootImpl$InputStage.deliver:7682 android.view.ViewRootImpl$InputStage.onDeliverToNext:7739 android.view.ViewRootImpl$InputStage.forward:7705 android.view.ViewRootImpl$AsyncInputStage.forward:7941 android.view.ViewRootImpl$ImeInputStage.onFinishedInputEvent:8183 android.view.inputmethod.InputMethodManager$PendingEvent.run:4578 
09-17 18:18:33.357  8112  8112 I ViewRootImpl@bdf564[MainActivity]: ViewPostIme key 0
09-17 18:18:33.359  8112  8112 I ViewRootImpl@bdf564[MainActivity]: MSG_WINDOW_TOUCH_MODE_CHANGED 
09-17 18:18:33.364  8112  8112 I ViewRootImpl@bdf564[MainActivity]: ViewPostIme key 1
09-17 18:18:33.377  8112  8112 I ViewRootImpl@bdf564[MainActivity]: ViewPostIme key 0
09-17 18:18:33.383  8112  8112 I ViewRootImpl@bdf564[MainActivity]: ViewPostIme key 1
09-17 18:18:33.396  8112  8112 I ViewRootImpl@bdf564[MainActivity]: ViewPostIme key 0
09-17 18:18:33.403  8112  8112 I ViewRootImpl@bdf564[MainActivity]: ViewPostIme key 1
09-17 18:18:33.407  8112  8112 I ViewRootImpl@bdf564[MainActivity]: ViewPostIme key 0
09-17 18:18:33.440  8112  8112 I ViewRootImpl@bdf564[MainActivity]: ViewPostIme key 1
09-17 18:18:33.445  8112  8112 I ViewRootImpl@bdf564[MainActivity]: ViewPostIme key 0
09-17 18:18:33.453  8112  8112 I ViewRootImpl@bdf564[MainActivity]: ViewPostIme key 1
09-17 18:18:33.471  8112  8112 I ViewRootImpl@bdf564[MainActivity]: ViewPostIme key 0
09-17 18:18:33.477  8112  8112 I ViewRootImpl@bdf564[MainActivity]: ViewPostIme key 1
09-17 18:18:33.495  8112  8112 I ViewRootImpl@bdf564[MainActivity]: ViewPostIme key 0
09-17 18:18:33.505  8112  8112 I ViewRootImpl@bdf564[MainActivity]: ViewPostIme key 1
09-17 18:18:33.518  8112  8112 I ViewRootImpl@bdf564[MainActivity]: ViewPostIme key 0
09-17 18:18:33.536  8112  8112 I ViewRootImpl@bdf564[MainActivity]: ViewPostIme key 1
09-17 18:18:33.618  8112  8112 I ViewRootImpl@bdf564[MainActivity]: The input has been finished in ImeInputStage.
09-17 18:18:33.629  8112  8112 I ViewRootImpl@bdf564[MainActivity]: The input has been finished in ImeInputStage.
09-17 18:18:33.631  8112  8112 I InsetsController: setRequestedVisibleTypes: visible=false, mask=ime, host=com.locatemy.crimeqa/com.locatemy.app.MainActivity, from=android.view.InsetsController.controlAnimationUnchecked:1445 android.view.InsetsController.applyAnimation:2005 android.view.InsetsController.applyAnimation:1968 android.view.InsetsController.hide:1403 android.view.ViewRootImpl$ViewRootHandler.handleMessageImpl:7240 android.view.ViewRootImpl$ViewRootHandler.handleMessage:7166 android.os.Handler.dispatchMessage:106 android.os.Looper.loopOnce:230 android.os.Looper.loop:319 android.app.ActivityThread.main:8919 
09-17 18:18:33.632  8112  8112 I InsetsController: controlAnimationUncheckedInner: Added types=ime, animType=1, host=com.locatemy.crimeqa/com.locatemy.app.MainActivity, from=android.view.InsetsController.controlAnimationUnchecked:1449 android.view.InsetsController.applyAnimation:2005 android.view.InsetsController.applyAnimation:1968 
09-17 18:18:33.642  8112  8771 I ViewRootImpl@bdf564[MainActivity]: Resizing android.view.ViewRootImpl@8af20c2: frame = [0,0][1080,2400] reportDraw = false forceLayout = false syncSeqId = -1
09-17 18:18:33.642  8112  8112 D FlutterJNI: Sending viewport metrics to the engine.
09-17 18:18:33.645  8112  8112 W WindowOnBackDispatcher: sendCancelIfRunning: isInProgress=falsecallback=ImeCallback=ImeOnBackInvokedCallback@20620053 Callback=android.window.IOnBackInvokedCallback$Stub$Proxy@3d0d791
09-17 18:18:33.645  8112  8558 I ViewRootImpl@bdf564[MainActivity]: mWNT: t=0xb400007123a85030 mBlastBufferQueue=0xb400007153a2b710 fn= 222 mRenderHdrSdrRatio=1.0 caller= android.view.SyncRtSurfaceTransactionApplier.applyTransaction:96 android.view.SyncRtSurfaceTransactionApplier.lambda$scheduleApply$0:69 android.view.SyncRtSurfaceTransactionApplier.$r8$lambda$SgowXC58rj3PR958kHUfRgLZmvE:0 
09-17 18:18:33.646  8112  8112 D InputConnectionAdaptor: The input method toggled cursor monitoring off
09-17 18:18:33.646  8112  8112 I InsetsController: onStateChanged: host=com.locatemy.crimeqa/com.locatemy.app.MainActivity, from=android.view.ViewRootImpl$ViewRootHandler.handleMessageImpl:7209, state=InsetsState: {mDisplayFrame=Rect(0, 0 - 1080, 2400), mDisplayCutout=DisplayCutout{insets=Rect(0, 88 - 0, 0) waterfall=Insets{left=0, top=0, right=0, bottom=0} boundingRect={Bounds=[Rect(0, 0 - 0, 0), Rect(512, 0 - 568, 88), Rect(0, 0 - 0, 0), Rect(0, 0 - 0, 0)]} cutoutPathParserInfo={CutoutPathParserInfo{displayWidth=1080 displayHeight=2400 physicalDisplayWidth=1080 physicalDisplayHeight=2400 density={2.8125} cutoutSpec={M 0,0 M 0,11.43427858034597 a 9.899054752987353,9.899054752987353 0 1,0 0,19.79810950597471 a 9.899054752987353,9.899054752987353 0 1,0 0,-19.79810950597471 Z @dp} rotation={0} scale={1.0} physicalPixelDisplaySizeRatio={1.0}}}}, mRoundedCorners=RoundedCorners{[RoundedCorner{position=TopLeft, radius=0, center=Point(0, 0)}, RoundedCorner{position=TopRight, radius=0, center=Point(0, 0)}, RoundedCorner{position=BottomRight, radius=0, center=Point(0, 0)}, RoundedCorner{position=BottomLeft, radius=0, center=Point(0, 0)}]}  mRoundedCornerFrame=Rect(0, 0 - 1080, 2400), mPrivacyIndicatorBounds=PrivacyIndicatorBounds {static bounds=Rect(956, 0 - 1080, 88) rotation=0}, mDisplayShape=DisplayShape{ spec=-311912193 displayWidth=1080 displayHeight=2400 physicalPixelDisplaySizeRatio=1.0 rotation=0 offsetX=0 offsetY=0 scale=1.0}, mSources= { InsetsSource: {3 mType=ime mFrame=[0,1548][1080,2400] mVisible=false mFlags=[]}, InsetsSource: {27 mType=displayCutout mFrame=[0,0][1080,88] mVisible=true mFlags=[]}, InsetsSource: {23820000 mType=statusBars mFrame=[0,0][1080,88] mVisible=true mFlags=[]}, InsetsSource: {23820005 mType=mandatorySystemGestures mFrame=[0,0][1080,122] mVisible=true mFlags=[]}, InsetsSource: {23820006 mType=tappableElement mFrame=[0,0][1080,88] mVisible=true mFlags=[]}, InsetsSource: {37b40001 mType=navigationBars mFrame=[0,2265][1080,2400] mVisible=true mFlags=[]}, InsetsSource: {37b40004 mType=systemGestures mFrame=[0,0][0,0] mVisible=true mFlags=[]}, InsetsSource: {37b40005 mType=mandatorySystemGestures mFrame=[0,2265][1080,2400] mVisible=true mFlags=[]}, InsetsSource: {37b40006 mType=tappableElement mFrame=[0,2265][1080,2400] mVisible=true mFlags=[]}, InsetsSource: {37b40024 mType=systemGestures mFrame=[0,0][0,0] mVisible=true mFlags=[]} }
09-17 18:18:33.647  8112  8112 I InsetsSourceConsumer: applyRequestedVisibilityToControl: visible=true, type=navigationBars, host=com.locatemy.crimeqa/com.locatemy.app.MainActivity
09-17 18:18:33.647  8112  8112 I ViewRootImpl@bdf564[MainActivity]: handleResized, msg = 4 frames=ClientWindowFrames{frame=[0,0][1080,2400] display=[0,0][1080,2400] parentFrame=[0,0][0,0]} forceNextWindowRelayout=false displayId=0 dragResizing=false compatScale=1.0 frameChanged=false attachedFrameChanged=false configChanged=false displayChanged=false compatScaleChanged=false
09-17 18:18:33.649  8112  8112 D FlutterJNI: Sending viewport metrics to the engine.
09-17 18:18:33.650  8112  8557 I ViewRootImpl@bdf564[MainActivity]: mWNT: t=0xb400007123a3bcb0 mBlastBufferQueue=0xb400007153a2b710 fn= 223 mRenderHdrSdrRatio=1.0 caller= android.view.SyncRtSurfaceTransactionApplier.applyTransaction:96 android.view.SyncRtSurfaceTransactionApplier.lambda$scheduleApply$0:69 android.view.SyncRtSurfaceTransactionApplier.$r8$lambda$SgowXC58rj3PR958kHUfRgLZmvE:0 
09-17 18:18:33.659  8112  8112 D FlutterJNI: Sending viewport metrics to the engine.
09-17 18:18:33.660  8112  8558 I ViewRootImpl@bdf564[MainActivity]: mWNT: t=0xb400007123a92130 mBlastBufferQueue=0xb400007153a2b710 fn= 224 mRenderHdrSdrRatio=1.0 caller= android.view.SyncRtSurfaceTransactionApplier.applyTransaction:96 android.view.SyncRtSurfaceTransactionApplier.lambda$scheduleApply$0:69 android.view.SyncRtSurfaceTransactionApplier.$r8$lambda$SgowXC58rj3PR958kHUfRgLZmvE:0 
09-17 18:18:33.665  8112  8112 D FlutterJNI: Sending viewport metrics to the engine.
09-17 18:18:33.667  8112  8557 I ViewRootImpl@bdf564[MainActivity]: mWNT: t=0xb400007123a68bd0 mBlastBufferQueue=0xb400007153a2b710 fn= 225 mRenderHdrSdrRatio=1.0 caller= android.view.SyncRtSurfaceTransactionApplier.applyTransaction:96 android.view.SyncRtSurfaceTransactionApplier.lambda$scheduleApply$0:69 android.view.SyncRtSurfaceTransactionApplier.$r8$lambda$SgowXC58rj3PR958kHUfRgLZmvE:0 
09-17 18:18:33.682  8112  8112 D FlutterJNI: Sending viewport metrics to the engine.
09-17 18:18:33.683  8112  8558 I ViewRootImpl@bdf564[MainActivity]: mWNT: t=0xb400007123a86210 mBlastBufferQueue=0xb400007153a2b710 fn= 226 mRenderHdrSdrRatio=1.0 caller= android.view.SyncRtSurfaceTransactionApplier.applyTransaction:96 android.view.SyncRtSurfaceTransactionApplier.lambda$scheduleApply$0:69 android.view.SyncRtSurfaceTransactionApplier.$r8$lambda$SgowXC58rj3PR958kHUfRgLZmvE:0 
09-17 18:18:33.692  8112  8112 D FlutterJNI: Sending viewport metrics to the engine.
09-17 18:18:33.694  8112  8557 I ViewRootImpl@bdf564[MainActivity]: mWNT: t=0xb400007123a8a150 mBlastBufferQueue=0xb400007153a2b710 fn= 227 mRenderHdrSdrRatio=1.0 caller= android.view.SyncRtSurfaceTransactionApplier.applyTransaction:96 android.view.SyncRtSurfaceTransactionApplier.lambda$scheduleApply$0:69 android.view.SyncRtSurfaceTransactionApplier.$r8$lambda$SgowXC58rj3PR958kHUfRgLZmvE:0 
09-17 18:18:33.718  8112  8112 D FlutterJNI: Sending viewport metrics to the engine.
09-17 18:18:33.720  8112  8558 I ViewRootImpl@bdf564[MainActivity]: mWNT: t=0xb400007123a92ef0 mBlastBufferQueue=0xb400007153a2b710 fn= 228 mRenderHdrSdrRatio=1.0 caller= android.view.SyncRtSurfaceTransactionApplier.applyTransaction:96 android.view.SyncRtSurfaceTransactionApplier.lambda$scheduleApply$0:69 android.view.SyncRtSurfaceTransactionApplier.$r8$lambda$SgowXC58rj3PR958kHUfRgLZmvE:0 
09-17 18:18:33.740  8112  8112 D FlutterJNI: Sending viewport metrics to the engine.
09-17 18:18:33.742  8112  8557 I ViewRootImpl@bdf564[MainActivity]: mWNT: t=0xb400007123a7b8f0 mBlastBufferQueue=0xb400007153a2b710 fn= 229 mRenderHdrSdrRatio=1.0 caller= android.view.SyncRtSurfaceTransactionApplier.applyTransaction:96 android.view.SyncRtSurfaceTransactionApplier.lambda$scheduleApply$0:69 android.view.SyncRtSurfaceTransactionApplier.$r8$lambda$SgowXC58rj3PR958kHUfRgLZmvE:0 
09-17 18:18:33.749  8112  8112 D FlutterJNI: Sending viewport metrics to the engine.
09-17 18:18:33.750  8112  8558 I ViewRootImpl@bdf564[MainActivity]: mWNT: t=0xb400007123a92ad0 mBlastBufferQueue=0xb400007153a2b710 fn= 230 mRenderHdrSdrRatio=1.0 caller= android.view.SyncRtSurfaceTransactionApplier.applyTransaction:96 android.view.SyncRtSurfaceTransactionApplier.lambda$scheduleApply$0:69 android.view.SyncRtSurfaceTransactionApplier.$r8$lambda$SgowXC58rj3PR958kHUfRgLZmvE:0 
09-17 18:18:33.763  8112  8112 D FlutterJNI: Sending viewport metrics to the engine.
09-17 18:18:33.765  8112  8557 I ViewRootImpl@bdf564[MainActivity]: mWNT: t=0xb400007123a89bd0 mBlastBufferQueue=0xb400007153a2b710 fn= 231 mRenderHdrSdrRatio=1.0 caller= android.view.SyncRtSurfaceTransactionApplier.applyTransaction:96 android.view.SyncRtSurfaceTransactionApplier.lambda$scheduleApply$0:69 android.view.SyncRtSurfaceTransactionApplier.$r8$lambda$SgowXC58rj3PR958kHUfRgLZmvE:0 
09-17 18:18:33.781  8112  8112 D FlutterJNI: Sending viewport metrics to the engine.
09-17 18:18:33.782  8112  8558 I ViewRootImpl@bdf564[MainActivity]: mWNT: t=0xb400007123a3e750 mBlastBufferQueue=0xb400007153a2b710 fn= 232 mRenderHdrSdrRatio=1.0 caller= android.view.SyncRtSurfaceTransactionApplier.applyTransaction:96 android.view.SyncRtSurfaceTransactionApplier.lambda$scheduleApply$0:69 android.view.SyncRtSurfaceTransactionApplier.$r8$lambda$SgowXC58rj3PR958kHUfRgLZmvE:0 
09-17 18:18:33.794  8112  8112 D FlutterJNI: Sending viewport metrics to the engine.
09-17 18:18:33.796  8112  8557 I ViewRootImpl@bdf564[MainActivity]: mWNT: t=0xb400007123a0cf50 mBlastBufferQueue=0xb400007153a2b710 fn= 233 mRenderHdrSdrRatio=1.0 caller= android.view.SyncRtSurfaceTransactionApplier.applyTransaction:96 android.view.SyncRtSurfaceTransactionApplier.lambda$scheduleApply$0:69 android.view.SyncRtSurfaceTransactionApplier.$r8$lambda$SgowXC58rj3PR958kHUfRgLZmvE:0 
09-17 18:18:33.798  8112  8112 D FlutterJNI: Sending viewport metrics to the engine.
09-17 18:18:33.799  8112  8558 I ViewRootImpl@bdf564[MainActivity]: mWNT: t=0xb400007123a3b1b0 mBlastBufferQueue=0xb400007153a2b710 fn= 234 mRenderHdrSdrRatio=1.0 caller= android.view.SyncRtSurfaceTransactionApplier.applyTransaction:96 android.view.SyncRtSurfaceTransactionApplier.lambda$scheduleApply$0:69 android.view.SyncRtSurfaceTransactionApplier.$r8$lambda$SgowXC58rj3PR958kHUfRgLZmvE:0 
09-17 18:18:33.806  8112  8112 D FlutterJNI: Sending viewport metrics to the engine.
09-17 18:18:33.808  8112  8557 I ViewRootImpl@bdf564[MainActivity]: mWNT: t=0xb400007123a60a90 mBlastBufferQueue=0xb400007153a2b710 fn= 235 mRenderHdrSdrRatio=1.0 caller= android.view.SyncRtSurfaceTransactionApplier.applyTransaction:96 android.view.SyncRtSurfaceTransactionApplier.lambda$scheduleApply$0:69 android.view.SyncRtSurfaceTransactionApplier.$r8$lambda$SgowXC58rj3PR958kHUfRgLZmvE:0 
09-17 18:18:33.816  8112  8112 D FlutterJNI: Sending viewport metrics to the engine.
09-17 18:18:33.818  8112  8558 I ViewRootImpl@bdf564[MainActivity]: mWNT: t=0xb400007123a8bf90 mBlastBufferQueue=0xb400007153a2b710 fn= 236 mRenderHdrSdrRatio=1.0 caller= android.view.SyncRtSurfaceTransactionApplier.applyTransaction:96 android.view.SyncRtSurfaceTransactionApplier.lambda$scheduleApply$0:69 android.view.SyncRtSurfaceTransactionApplier.$r8$lambda$SgowXC58rj3PR958kHUfRgLZmvE:0 
09-17 18:18:33.823  8112  8112 D FlutterJNI: Sending viewport metrics to the engine.
09-17 18:18:33.825  8112  8557 I ViewRootImpl@bdf564[MainActivity]: mWNT: t=0xb400007123a6f030 mBlastBufferQueue=0xb400007153a2b710 fn= 237 mRenderHdrSdrRatio=1.0 caller= android.view.SyncRtSurfaceTransactionApplier.applyTransaction:96 android.view.SyncRtSurfaceTransactionApplier.lambda$scheduleApply$0:69 android.view.SyncRtSurfaceTransactionApplier.$r8$lambda$SgowXC58rj3PR958kHUfRgLZmvE:0 
09-17 18:18:33.841  8112  8112 D FlutterJNI: Sending viewport metrics to the engine.
09-17 18:18:33.842  8112  8558 I ViewRootImpl@bdf564[MainActivity]: mWNT: t=0xb400007123a92550 mBlastBufferQueue=0xb400007153a2b710 fn= 238 mRenderHdrSdrRatio=1.0 caller= android.view.SyncRtSurfaceTransactionApplier.applyTransaction:96 android.view.SyncRtSurfaceTransactionApplier.lambda$scheduleApply$0:69 android.view.SyncRtSurfaceTransactionApplier.$r8$lambda$SgowXC58rj3PR958kHUfRgLZmvE:0 
09-17 18:18:33.849  8112  8112 D FlutterJNI: Sending viewport metrics to the engine.
09-17 18:18:33.850  8112  8557 I ViewRootImpl@bdf564[MainActivity]: mWNT: t=0xb400007123a3a810 mBlastBufferQueue=0xb400007153a2b710 fn= 239 mRenderHdrSdrRatio=1.0 caller= android.view.SyncRtSurfaceTransactionApplier.applyTransaction:96 android.view.SyncRtSurfaceTransactionApplier.lambda$scheduleApply$0:69 android.view.SyncRtSurfaceTransactionApplier.$r8$lambda$SgowXC58rj3PR958kHUfRgLZmvE:0 
09-17 18:18:33.859  8112  8112 D FlutterJNI: Sending viewport metrics to the engine.
09-17 18:18:33.860  8112  8558 I ViewRootImpl@bdf564[MainActivity]: mWNT: t=0xb400007123a3d150 mBlastBufferQueue=0xb400007153a2b710 fn= 240 mRenderHdrSdrRatio=1.0 caller= android.view.SyncRtSurfaceTransactionApplier.applyTransaction:96 android.view.SyncRtSurfaceTransactionApplier.lambda$scheduleApply$0:69 android.view.SyncRtSurfaceTransactionApplier.$r8$lambda$SgowXC58rj3PR958kHUfRgLZmvE:0 
09-17 18:18:33.864  8112  8112 D FlutterJNI: Sending viewport metrics to the engine.
09-17 18:18:33.866  8112  8557 I ViewRootImpl@bdf564[MainActivity]: mWNT: t=0xb400007123a99350 mBlastBufferQueue=0xb400007153a2b710 fn= 241 mRenderHdrSdrRatio=1.0 caller= android.view.SyncRtSurfaceTransactionApplier.applyTransaction:96 android.view.SyncRtSurfaceTransactionApplier.lambda$scheduleApply$0:69 android.view.SyncRtSurfaceTransactionApplier.$r8$lambda$SgowXC58rj3PR958kHUfRgLZmvE:0 
09-17 18:18:33.882  8112  8112 D FlutterJNI: Sending viewport metrics to the engine.
09-17 18:18:33.884  8112  8558 I ViewRootImpl@bdf564[MainActivity]: mWNT: t=0xb400007123a89910 mBlastBufferQueue=0xb400007153a2b710 fn= 242 mRenderHdrSdrRatio=1.0 caller= android.view.SyncRtSurfaceTransactionApplier.applyTransaction:96 android.view.SyncRtSurfaceTransactionApplier.lambda$scheduleApply$0:69 android.view.SyncRtSurfaceTransactionApplier.$r8$lambda$SgowXC58rj3PR958kHUfRgLZmvE:0 
09-17 18:18:33.891  8112  8112 D FlutterJNI: Sending viewport metrics to the engine.
09-17 18:18:33.893  8112  8557 I ViewRootImpl@bdf564[MainActivity]: mWNT: t=0xb400007123a41b90 mBlastBufferQueue=0xb400007153a2b710 fn= 243 mRenderHdrSdrRatio=1.0 caller= android.view.SyncRtSurfaceTransactionApplier.applyTransaction:96 android.view.SyncRtSurfaceTransactionApplier.lambda$scheduleApply$0:69 android.view.SyncRtSurfaceTransactionApplier.$r8$lambda$SgowXC58rj3PR958kHUfRgLZmvE:0 
09-17 18:18:33.904  8112  8112 D FlutterJNI: Sending viewport metrics to the engine.
09-17 18:18:33.905  8112  8558 I ViewRootImpl@bdf564[MainActivity]: mWNT: t=0xb400007123a8adb0 mBlastBufferQueue=0xb400007153a2b710 fn= 244 mRenderHdrSdrRatio=1.0 caller= android.view.SyncRtSurfaceTransactionApplier.applyTransaction:96 android.view.SyncRtSurfaceTransactionApplier.lambda$scheduleApply$0:69 android.view.SyncRtSurfaceTransactionApplier.$r8$lambda$SgowXC58rj3PR958kHUfRgLZmvE:0 
09-17 18:18:33.906  8112  8112 D FlutterJNI: Sending viewport metrics to the engine.
09-17 18:18:33.908  8112  8557 I ViewRootImpl@bdf564[MainActivity]: mWNT: t=0xb400007123a86630 mBlastBufferQueue=0xb400007153a2b710 fn= 245 mRenderHdrSdrRatio=1.0 caller= android.view.SyncRtSurfaceTransactionApplier.applyTransaction:96 android.view.SyncRtSurfaceTransactionApplier.lambda$scheduleApply$0:69 android.view.SyncRtSurfaceTransactionApplier.$r8$lambda$SgowXC58rj3PR958kHUfRgLZmvE:0 
09-17 18:18:33.915  8112  8112 D FlutterJNI: Sending viewport metrics to the engine.
09-17 18:18:33.918  8112  8558 I ViewRootImpl@bdf564[MainActivity]: mWNT: t=0xb400007123a94910 mBlastBufferQueue=0xb400007153a2b710 fn= 246 mRenderHdrSdrRatio=1.0 caller= android.view.SyncRtSurfaceTransactionApplier.applyTransaction:96 android.view.SyncRtSurfaceTransactionApplier.lambda$scheduleApply$0:69 android.view.SyncRtSurfaceTransactionApplier.$r8$lambda$SgowXC58rj3PR958kHUfRgLZmvE:0 
09-17 18:18:33.923  8112  8112 D FlutterJNI: Sending viewport metrics to the engine.
09-17 18:18:33.925  8112  8557 I ViewRootImpl@bdf564[MainActivity]: mWNT: t=0xb400007123a7c6b0 mBlastBufferQueue=0xb400007153a2b710 fn= 247 mRenderHdrSdrRatio=1.0 caller= android.view.SyncRtSurfaceTransactionApplier.applyTransaction:96 android.view.SyncRtSurfaceTransactionApplier.lambda$scheduleApply$0:69 android.view.SyncRtSurfaceTransactionApplier.$r8$lambda$SgowXC58rj3PR958kHUfRgLZmvE:0 
09-17 18:18:33.931  8112  8112 I InsetsController: cancelAnimation: types=ime, animType=1, host=com.locatemy.crimeqa/com.locatemy.app.MainActivity, from=android.view.InsetsController.notifyFinished:1748 android.view.InsetsAnimationControlImpl.applyChangeInsets:312 android.view.InsetsController.lambda$new$3:918 
09-17 18:18:33.932  8112  8112 I ImeTracker: com.locatemy.crimeqa:b359c059: onRequestHide at ORIGIN_CLIENT_HIDE_SOFT_INPUT reason HIDE_SOFT_INPUT_BY_INSETS_API
09-17 18:18:33.932  8112  8112 I InputMethodManager_LC: notifyImeHidden: IInputMethodManagerGlobalInvoker.hideSoftInput
09-17 18:18:33.934  8112  8112 I ImeTracker: com.locatemy.crimeqa:8584ddbb: onHidden
09-17 18:18:33.934  8112  8112 D FlutterJNI: Sending viewport metrics to the engine.
09-17 18:18:33.935  8112  8112 D FlutterJNI: Sending viewport metrics to the engine.
09-17 18:18:33.936  8112  8112 D InputMethodManagerUtils: startInputInner - Id : 0
09-17 18:18:33.936  8112  8112 I InputMethodManager: startInputInner - IInputMethodManagerGlobalInvoker.startInputOrWindowGainedFocus
09-17 18:18:33.941  8112  8558 I ViewRootImpl@bdf564[MainActivity]: mWNT: t=0xb400007123a72e10 mBlastBufferQueue=0xb400007153a2b710 fn= 248 mRenderHdrSdrRatio=1.0 caller= android.view.SyncRtSurfaceTransactionApplier.applyTransaction:96 android.view.SyncRtSurfaceTransactionApplier.lambda$scheduleApply$0:69 android.view.SyncRtSurfaceTransactionApplier.$r8$lambda$SgowXC58rj3PR958kHUfRgLZmvE:0 
09-17 18:18:34.455  8112  8771 I ViewRootImpl@bdf564[MainActivity]: Resizing android.view.ViewRootImpl@8af20c2: frame = [0,0][1080,2400] reportDraw = false forceLayout = false syncSeqId = -1
09-17 18:18:34.456  8112  8112 I InsetsController: onStateChanged: host=com.locatemy.crimeqa/com.locatemy.app.MainActivity, from=android.view.ViewRootImpl$ViewRootHandler.handleMessageImpl:7196, state=InsetsState: {mDisplayFrame=Rect(0, 0 - 1080, 2400), mDisplayCutout=DisplayCutout{insets=Rect(0, 88 - 0, 0) waterfall=Insets{left=0, top=0, right=0, bottom=0} boundingRect={Bounds=[Rect(0, 0 - 0, 0), Rect(512, 0 - 568, 88), Rect(0, 0 - 0, 0), Rect(0, 0 - 0, 0)]} cutoutPathParserInfo={CutoutPathParserInfo{displayWidth=1080 displayHeight=2400 physicalDisplayWidth=1080 physicalDisplayHeight=2400 density={2.8125} cutoutSpec={M 0,0 M 0,11.43427858034597 a 9.899054752987353,9.899054752987353 0 1,0 0,19.79810950597471 a 9.899054752987353,9.899054752987353 0 1,0 0,-19.79810950597471 Z @dp} rotation={0} scale={1.0} physicalPixelDisplaySizeRatio={1.0}}}}, mRoundedCorners=RoundedCorners{[RoundedCorner{position=TopLeft, radius=0, center=Point(0, 0)}, RoundedCorner{position=TopRight, radius=0, center=Point(0, 0)}, RoundedCorner{position=BottomRight, radius=0, center=Point(0, 0)}, RoundedCorner{position=BottomLeft, radius=0, center=Point(0, 0)}]}  mRoundedCornerFrame=Rect(0, 0 - 1080, 2400), mPrivacyIndicatorBounds=PrivacyIndicatorBounds {static bounds=Rect(956, 0 - 1080, 88) rotation=0}, mDisplayShape=DisplayShape{ spec=-311912193 displayWidth=1080 displayHeight=2400 physicalPixelDisplaySizeRatio=1.0 rotation=0 offsetX=0 offsetY=0 scale=1.0}, mSources= { InsetsSource: {3 mType=ime mFrame=[0,0][0,0] mVisible=false mFlags=[]}, InsetsSource: {27 mType=displayCutout mFrame=[0,0][1080,88] mVisible=true mFlags=[]}, InsetsSource: {23820000 mType=statusBars mFrame=[0,0][1080,88] mVisible=true mFlags=[]}, InsetsSource: {23820005 mType=mandatorySystemGestures mFrame=[0,0][1080,122] mVisible=true mFlags=[]}, InsetsSource: {23820006 mType=tappableElement mFrame=[0,0][1080,88] mVisible=true mFlags=[]}, InsetsSource: {37b40001 mType=navigationBars mFrame=[0,2265][1080,2400] mVisible=true mFlags=[]}, InsetsSource: {37b40004 mType=systemGestures mFrame=[0,0][0,0] mVisible=true mFlags=[]}, InsetsSource: {37b40005 mType=mandatorySystemGestures mFrame=[0,2265][1080,2400] mVisible=true mFlags=[]}, InsetsSource: {37b40006 mType=tappableElement mFrame=[0,2265][1080,2400] mVisible=true mFlags=[]}, InsetsSource: {37b40024 mType=systemGestures mFrame=[0,0][0,0] mVisible=true mFlags=[]} }
09-17 18:18:34.456  8112  8112 I ViewRootImpl@bdf564[MainActivity]: handleResized, msg = 4 frames=ClientWindowFrames{frame=[0,0][1080,2400] display=[0,0][1080,2400] parentFrame=[0,0][0,0]} forceNextWindowRelayout=false displayId=0 dragResizing=false compatScale=1.0 frameChanged=false attachedFrameChanged=false configChanged=false displayChanged=false compatScaleChanged=false
09-17 18:18:34.462  8112  8771 I ViewRootImpl@bdf564[MainActivity]: Resizing android.view.ViewRootImpl@8af20c2: frame = [0,0][1080,2400] reportDraw = false forceLayout = false syncSeqId = -1
09-17 18:18:34.464  8112  8112 I InsetsController: onStateChanged: host=com.locatemy.crimeqa/com.locatemy.app.MainActivity, from=android.view.ViewRootImpl$ViewRootHandler.handleMessageImpl:7196, state=InsetsState: {mDisplayFrame=Rect(0, 0 - 1080, 2400), mDisplayCutout=DisplayCutout{insets=Rect(0, 88 - 0, 0) waterfall=Insets{left=0, top=0, right=0, bottom=0} boundingRect={Bounds=[Rect(0, 0 - 0, 0), Rect(512, 0 - 568, 88), Rect(0, 0 - 0, 0), Rect(0, 0 - 0, 0)]} cutoutPathParserInfo={CutoutPathParserInfo{displayWidth=1080 displayHeight=2400 physicalDisplayWidth=1080 physicalDisplayHeight=2400 density={2.8125} cutoutSpec={M 0,0 M 0,11.43427858034597 a 9.899054752987353,9.899054752987353 0 1,0 0,19.79810950597471 a 9.899054752987353,9.899054752987353 0 1,0 0,-19.79810950597471 Z @dp} rotation={0} scale={1.0} physicalPixelDisplaySizeRatio={1.0}}}}, mRoundedCorners=RoundedCorners{[RoundedCorner{position=TopLeft, radius=0, center=Point(0, 0)}, RoundedCorner{position=TopRight, radius=0, center=Point(0, 0)}, RoundedCorner{position=BottomRight, radius=0, center=Point(0, 0)}, RoundedCorner{position=BottomLeft, radius=0, center=Point(0, 0)}]}  mRoundedCornerFrame=Rect(0, 0 - 1080, 2400), mPrivacyIndicatorBounds=PrivacyIndicatorBounds {static bounds=Rect(956, 0 - 1080, 88) rotation=0}, mDisplayShape=DisplayShape{ spec=-311912193 displayWidth=1080 displayHeight=2400 physicalPixelDisplaySizeRatio=1.0 rotation=0 offsetX=0 offsetY=0 scale=1.0}, mSources= { InsetsSource: {3 mType=ime mFrame=[0,0][0,0] mVisible=false mFlags=[]}, InsetsSource: {27 mType=displayCutout mFrame=[0,0][1080,88] mVisible=true mFlags=[]}, InsetsSource: {23820000 mType=statusBars mFrame=[0,0][1080,88] mVisible=true mFlags=[]}, InsetsSource: {23820005 mType=mandatorySystemGestures mFrame=[0,0][1080,122] mVisible=true mFlags=[]}, InsetsSource: {23820006 mType=tappableElement mFrame=[0,0][1080,88] mVisible=true mFlags=[]}, InsetsSource: {37b40001 mType=navigationBars mFrame=[0,2265][1080,2400] mVisible=true mFlags=[]}, InsetsSource: {37b40004 mType=systemGestures mFrame=[0,0][0,0] mVisible=true mFlags=[]}, InsetsSource: {37b40005 mType=mandatorySystemGestures mFrame=[0,2265][1080,2400] mVisible=true mFlags=[]}, InsetsSource: {37b40006 mType=tappableElement mFrame=[0,2265][1080,2400] mVisible=true mFlags=[]}, InsetsSource: {37b40024 mType=systemGestures mFrame=[0,0][0,0] mVisible=true mFlags=[]} }
09-17 18:18:34.464  8112  8112 I ViewRootImpl@bdf564[MainActivity]: handleResized, msg = 4 frames=ClientWindowFrames{frame=[0,0][1080,2400] display=[0,0][1080,2400] parentFrame=[0,0][0,0]} forceNextWindowRelayout=false displayId=0 dragResizing=false compatScale=1.0 frameChanged=false attachedFrameChanged=false configChanged=false displayChanged=false compatScaleChanged=false
09-17 18:18:36.624  8112  8112 I ViewRootImpl@bdf564[MainActivity]: ViewPostIme pointer 0
09-17 18:18:36.625  8112  8112 I ViewRootImpl@bdf564[MainActivity]: MSG_WINDOW_TOUCH_MODE_CHANGED 
09-17 18:18:36.628  8112  8112 I ViewRootImpl@bdf564[MainActivity]: ViewPostIme pointer 1
09-17 18:18:36.706  8112  8112 D InputMethodManagerUtils: startInputInner - Id : 0
09-17 18:18:36.706  8112  8112 I InputMethodManager: startInputInner - IInputMethodManagerGlobalInvoker.startInputOrWindowGainedFocus
09-17 18:18:36.716  8112  8112 I ImeTracker: com.locatemy.crimeqa:2b7f20c0: onRequestHide at ORIGIN_CLIENT_HIDE_SOFT_INPUT reason HIDE_SOFT_INPUT
09-17 18:18:36.716  8112  8112 I InputMethodManager_LC: hsifw() - flag : 0
09-17 18:18:36.716  8112  8112 I InputMethodManager_LC: hsifw() - mService.hideSoftInput
09-17 18:18:36.860  8112  8112 I flutter : {"event":"map.select.completed","feature":"map_location","result":"success","duration_bucket":"under1s","correlation_id":"map-12"}
09-17 18:18:36.981  8112  8112 I flutter : {"event":"map.layer.completed","feature":"map_location","result":"hidden","duration_bucket":"under100ms","correlation_id":"map-13"}
09-17 18:18:37.059  8112  8112 I flutter : {"event":"map.layer.completed","feature":"map_location","result":"staleViewport","duration_bucket":"10sOrMore","correlation_id":"map-14"}
09-17 18:18:37.059  8112  8112 I flutter : {"event":"facility.contributeLayer.completed","feature":"nearby_facilities","result":"staleViewport","duration_bucket":"10sOrMore","correlation_id":"facility-7"}
09-17 18:18:37.102  8112  8112 I flutter : {"event":"facility.analyse.completed","feature":"nearby_facilities","result":"cached","duration_bucket":"under100ms","correlation_id":"facility-8"}
09-17 18:18:37.188  8112  8112 I flutter : {"event":"map.layer.completed","feature":"map_location","result":"success","duration_bucket":"under100ms","correlation_id":"map-15"}
09-17 18:18:41.828  8112  8112 I ViewRootImpl@bdf564[MainActivity]: ViewPostIme pointer 0
09-17 18:18:41.833  8112  8112 I ViewRootImpl@bdf564[MainActivity]: ViewPostIme pointer 1
09-17 18:18:44.725  8112  8112 I ViewRootImpl@bdf564[MainActivity]: ViewPostIme pointer 0
09-17 18:18:44.728  8112  8112 I ViewRootImpl@bdf564[MainActivity]: ViewPostIme pointer 1
09-17 18:18:44.989  8112  8138 D InputTransport: Input channel destroyed: 'ClientS', fd=271
09-17 18:18:44.989  8112  8138 D InputTransport: Input channel destroyed: 'ClientS', fd=280
09-17 18:18:44.989  8112  8138 D InputTransport: Input channel destroyed: 'ClientS', fd=295
09-17 18:18:44.989  8112  8138 D InputTransport: Input channel destroyed: 'ClientS', fd=275
09-17 18:18:52.432  8112  8112 I ViewRootImpl@bdf564[MainActivity]: ViewPostIme pointer 0
09-17 18:18:52.435  8112  8112 I ViewRootImpl@bdf564[MainActivity]: ViewPostIme pointer 1
09-17 18:18:55.721  8112  8112 I ViewRootImpl@bdf564[MainActivity]: ViewPostIme key 0
--------- beginning of system
09-17 18:18:55.727  8112  8112 D Activity: onKeyDown(KEYCODE_BACK)
09-17 18:18:55.730  8112  8112 I ViewRootImpl@bdf564[MainActivity]: ViewPostIme key 1
09-17 18:18:55.732  8112  8112 D Activity: onKeyUp(KEYCODE_BACK) isTracking()=true isCanceled()=false hasCallback=false
09-17 18:18:56.519  8112  8112 I ViewRootImpl@bdf564[MainActivity]: ViewPostIme key 0
09-17 18:18:56.521  8112  8112 D Activity: onKeyDown(KEYCODE_BACK)
09-17 18:18:56.530  8112  8112 I ViewRootImpl@bdf564[MainActivity]: ViewPostIme key 1
09-17 18:18:56.534  8112  8112 D Activity: onKeyUp(KEYCODE_BACK) isTracking()=true isCanceled()=false hasCallback=false
09-17 18:18:59.553  8112  8112 I ViewRootImpl@bdf564[MainActivity]: ViewPostIme pointer 0
09-17 18:18:59.557  8112  8112 I ViewRootImpl@bdf564[MainActivity]: ViewPostIme pointer 1
09-17 18:19:02.439  8112  8112 I ViewRootImpl@bdf564[MainActivity]: ViewPostIme pointer 0
09-17 18:19:02.443  8112  8112 I ViewRootImpl@bdf564[MainActivity]: ViewPostIme pointer 1
09-17 18:19:05.341  8112  8112 I ViewRootImpl@bdf564[MainActivity]: ViewPostIme pointer 0
09-17 18:19:05.345  8112  8112 I ViewRootImpl@bdf564[MainActivity]: ViewPostIme pointer 1
09-17 18:19:08.238  8112  8112 I ViewRootImpl@bdf564[MainActivity]: ViewPostIme pointer 0
09-17 18:19:08.242  8112  8112 I ViewRootImpl@bdf564[MainActivity]: ViewPostIme pointer 1
09-17 18:19:13.741  8112  8771 I ViewRootImpl@bdf564[MainActivity]: Resizing android.view.ViewRootImpl@8af20c2: frame = [0,0][1080,2400] reportDraw = true forceLayout = false syncSeqId = -1
09-17 18:19:13.761  8112  8771 I ViewRootImpl@bdf564[MainActivity]: Resizing android.view.ViewRootImpl@8af20c2: frame = [0,0][1080,2400] reportDraw = true forceLayout = false syncSeqId = -1
09-17 18:19:13.765  8112  8112 I ViewRootImpl@bdf564[MainActivity]: handleResized, msg = 5 frames=ClientWindowFrames{frame=[0,0][1080,2400] display=[0,0][1080,2400] parentFrame=[0,0][0,0]} forceNextWindowRelayout=false displayId=0 dragResizing=false compatScale=1.0 frameChanged=false attachedFrameChanged=false configChanged=true displayChanged=false compatScaleChanged=false
09-17 18:19:13.765  8112  8112 I ViewRootImpl@bdf564[MainActivity]: handleResized mSyncSeqId = 0
09-17 18:19:13.765  8112  8112 D ViewRootImpl@bdf564[MainActivity]: reportNextDraw android.view.ViewRootImpl.handleResized:2530 android.view.ViewRootImpl.-$$Nest$mhandleResized:0 android.view.ViewRootImpl$ViewRootHandler.handleMessageImpl:7197 android.view.ViewRootImpl$ViewRootHandler.handleMessage:7166 android.os.Handler.dispatchMessage:106 
09-17 18:19:13.766  8112  8112 I BLASTBufferQueue_Java: update, w= 1080 h= 2400 mName = ViewRootImpl@bdf564[MainActivity] mNativeObject= 0xb400007153a2b710 sc.mNativeObject= 0xb4000070c3a2acd0 format= -3 caller= android.view.ViewRootImpl.updateBlastSurfaceIfNeeded:3017 android.view.ViewRootImpl.relayoutWindow:10131 android.view.ViewRootImpl.performTraversals:4110 android.view.ViewRootImpl.doTraversal:3288 android.view.ViewRootImpl$TraversalRunnable.run:11344 android.view.Choreographer$CallbackRecord.run:1689 
09-17 18:19:13.767  8112  8112 I ViewRootImpl@bdf564[MainActivity]: Relayout returned: old=(0,0,1080,2400) new=(0,0,1080,2400) relayoutAsync=true req=(1080,2400)0 dur=0 res=0x0 s={true 0xb400006ff3a57210} ch=false seqId=0
09-17 18:19:13.767  8112  8112 I ViewRootImpl@bdf564[MainActivity]: updateBoundsLayer: t=android.view.SurfaceControl$Transaction@39d3eb7 sc=Surface(name=Bounds for - com.locatemy.crimeqa/com.locatemy.app.MainActivity@0)/@0xb99a624 frame=277
09-17 18:19:13.767  8112  8112 I ViewRootImpl@bdf564[MainActivity]: Setup new sync=wmsSync-ViewRootImpl@bdf564[MainActivity]#3
09-17 18:19:13.767  8112  8112 I ViewRootImpl@bdf564[MainActivity]: Creating new active sync group ViewRootImpl@bdf564[MainActivity]#4
09-17 18:19:13.768  8112  8112 I ViewRootImpl@bdf564[MainActivity]: registerCallbacksForSync syncBuffer=false
09-17 18:19:13.768  8112  8557 I ViewRootImpl@bdf564[MainActivity]: Received frameDrawingCallback syncResult=0 frameNum=277.
09-17 18:19:13.768  8112  8557 I ViewRootImpl@bdf564[MainActivity]: mWNT: t=0xb400007123a90f50 mBlastBufferQueue=0xb400007153a2b710 fn= 277 mRenderHdrSdrRatio=1.0 caller= android.view.ViewRootImpl$8.onFrameDraw:13841 android.view.ThreadedRenderer$1.onFrameDraw:792 <bottom of call stack> 
09-17 18:19:13.768  8112  8557 I ViewRootImpl@bdf564[MainActivity]: Setting up sync and frameCommitCallback
09-17 18:19:13.769  8112  8159 I ViewRootImpl@bdf564[MainActivity]: Received frameCommittedCallback lastAttemptedDrawFrameNum=277 didProduceBuffer=true
09-17 18:19:13.769  8112  8112 I ViewRootImpl@bdf564[MainActivity]: reportDrawFinished seqId=0
09-17 18:19:13.770  8112  8112 I InsetsController: onStateChanged: host=com.locatemy.crimeqa/com.locatemy.app.MainActivity, from=android.view.ViewRootImpl$ViewRootHandler.handleMessageImpl:7196, state=InsetsState: {mDisplayFrame=Rect(0, 0 - 1080, 2400), mDisplayCutout=DisplayCutout{insets=Rect(0, 88 - 0, 0) waterfall=Insets{left=0, top=0, right=0, bottom=0} boundingRect={Bounds=[Rect(0, 0 - 0, 0), Rect(512, 0 - 568, 88), Rect(0, 0 - 0, 0), Rect(0, 0 - 0, 0)]} cutoutPathParserInfo={CutoutPathParserInfo{displayWidth=1080 displayHeight=2400 physicalDisplayWidth=1080 physicalDisplayHeight=2400 density={2.8125} cutoutSpec={M 0,0 M 0,11.43427858034597 a 9.899054752987353,9.899054752987353 0 1,0 0,19.79810950597471 a 9.899054752987353,9.899054752987353 0 1,0 0,-19.79810950597471 Z @dp} rotation={0} scale={1.0} physicalPixelDisplaySizeRatio={1.0}}}}, mRoundedCorners=RoundedCorners{[RoundedCorner{position=TopLeft, radius=0, center=Point(0, 0)}, RoundedCorner{position=TopRight, radius=0, center=Point(0, 0)}, RoundedCorner{position=BottomRight, radius=0, center=Point(0, 0)}, RoundedCorner{position=BottomLeft, radius=0, center=Point(0, 0)}]}  mRoundedCornerFrame=Rect(0, 0 - 1080, 2400), mPrivacyIndicatorBounds=PrivacyIndicatorBounds {static bounds=Rect(956, 0 - 1080, 88) rotation=0}, mDisplayShape=DisplayShape{ spec=-311912193 displayWidth=1080 displayHeight=2400 physicalPixelDisplaySizeRatio=1.0 rotation=0 offsetX=0 offsetY=0 scale=1.0}, mSources= { InsetsSource: {3 mType=ime mFrame=[0,0][0,0] mVisible=false mFlags=[]}, InsetsSource: {27 mType=displayCutout mFrame=[0,0][1080,88] mVisible=true mFlags=[]}, InsetsSource: {23820000 mType=statusBars mFrame=[0,0][1080,88] mVisible=true mFlags=[]}, InsetsSource: {23820005 mType=mandatorySystemGestures mFrame=[0,0][1080,122] mVisible=true mFlags=[]}, InsetsSource: {23820006 mType=tappableElement mFrame=[0,0][1080,88] mVisible=true mFlags=[]}, InsetsSource: {37b40001 mType=navigationBars mFrame=[0,2265][1080,2400] mVisible=true mFlags=[]}, InsetsSource: {37b40004 mType=systemGestures mFrame=[0,0][0,0] mVisible=true mFlags=[]}, InsetsSource: {37b40005 mType=mandatorySystemGestures mFrame=[0,2265][1080,2400] mVisible=true mFlags=[]}, InsetsSource: {37b40006 mType=tappableElement mFrame=[0,2265][1080,2400] mVisible=true mFlags=[]}, InsetsSource: {37b40024 mType=systemGestures mFrame=[0,0][0,0] mVisible=true mFlags=[]} }
09-17 18:19:13.770  8112  8112 I ViewRootImpl@bdf564[MainActivity]: handleResized, msg = 5 frames=ClientWindowFrames{frame=[0,0][1080,2400] display=[0,0][1080,2400] parentFrame=[0,0][0,0]} forceNextWindowRelayout=false displayId=0 dragResizing=false compatScale=1.0 frameChanged=false attachedFrameChanged=false configChanged=false displayChanged=false compatScaleChanged=false
09-17 18:19:13.770  8112  8112 I ViewRootImpl@bdf564[MainActivity]: handleResized mSyncSeqId = 0
09-17 18:19:13.770  8112  8112 D ViewRootImpl@bdf564[MainActivity]: reportNextDraw android.view.ViewRootImpl.handleResized:2530 android.view.ViewRootImpl.-$$Nest$mhandleResized:0 android.view.ViewRootImpl$ViewRootHandler.handleMessageImpl:7197 android.view.ViewRootImpl$ViewRootHandler.handleMessage:7166 android.os.Handler.dispatchMessage:106 
09-17 18:19:13.774  8112  8112 I ViewRootImpl@bdf564[MainActivity]: Setup new sync=wmsSync-ViewRootImpl@bdf564[MainActivity]#5
09-17 18:19:13.774  8112  8112 I ViewRootImpl@bdf564[MainActivity]: Creating new active sync group ViewRootImpl@bdf564[MainActivity]#6
09-17 18:19:13.775  8112  8112 I ViewRootImpl@bdf564[MainActivity]: registerCallbacksForSync syncBuffer=false
09-17 18:19:13.775  8112  8558 I ViewRootImpl@bdf564[MainActivity]: Received frameDrawingCallback syncResult=0 frameNum=278.
09-17 18:19:13.775  8112  8558 I ViewRootImpl@bdf564[MainActivity]: mWNT: t=0xb400007123a99e50 mBlastBufferQueue=0xb400007153a2b710 fn= 278 mRenderHdrSdrRatio=1.0 caller= android.view.ViewRootImpl$8.onFrameDraw:13841 android.view.ThreadedRenderer$1.onFrameDraw:792 <bottom of call stack> 
09-17 18:19:13.775  8112  8558 I ViewRootImpl@bdf564[MainActivity]: Setting up sync and frameCommitCallback
09-17 18:19:13.775  8112  8159 I ViewRootImpl@bdf564[MainActivity]: Received frameCommittedCallback lastAttemptedDrawFrameNum=278 didProduceBuffer=false
09-17 18:19:13.775  8112  8159 I BLASTBufferQueue_Java: gatherPendingTransactions, mName= ViewRootImpl@bdf564[MainActivity] mNativeObject= 0xb400007153a2b710 frameNumber= 278 caller= android.view.ViewRootImpl$8.lambda$onFrameDraw$1:13914 android.view.ViewRootImpl$8.$r8$lambda$6frSHsGsDhUEo8Wl9hChpniTVZ0:0 android.view.ViewRootImpl$8$$ExternalSyntheticLambda1.onFrameCommit:9 android.view.ThreadedRenderer$1.lambda$onFrameDraw$0:804 android.view.ThreadedRenderer$1$$ExternalSyntheticLambda0.onFrameCommit:2 <bottom of call stack> 
09-17 18:19:13.776  8112  8112 I ViewRootImpl@bdf564[MainActivity]: reportDrawFinished seqId=0
09-17 18:19:13.811  8112  8771 I ViewRootImpl@bdf564[MainActivity]: Resizing android.view.ViewRootImpl@8af20c2: frame = [0,0][1080,2400] reportDraw = true forceLayout = false syncSeqId = -1
09-17 18:19:13.816  8112  8771 I ViewRootImpl@bdf564[MainActivity]: Resizing android.view.ViewRootImpl@8af20c2: frame = [0,0][1080,2400] reportDraw = true forceLayout = false syncSeqId = -1
09-17 18:19:13.901  8112  8771 I ViewRootImpl@bdf564[MainActivity]: Resizing android.view.ViewRootImpl@8af20c2: frame = [0,0][1080,2400] reportDraw = true forceLayout = false syncSeqId = -1
09-17 18:19:13.965  8112  8112 I ViewRootImpl@bdf564[MainActivity]: handleResized, msg = 5 frames=ClientWindowFrames{frame=[0,0][1080,2400] display=[0,0][1080,2400] parentFrame=[0,0][0,0]} forceNextWindowRelayout=false displayId=0 dragResizing=false compatScale=1.0 frameChanged=false attachedFrameChanged=false configChanged=true displayChanged=false compatScaleChanged=false
09-17 18:19:13.965  8112  8112 I ViewRootImpl@bdf564[MainActivity]: handleResized mSyncSeqId = 0
09-17 18:19:13.966  8112  8112 D ViewRootImpl@bdf564[MainActivity]: reportNextDraw android.view.ViewRootImpl.handleResized:2530 android.view.ViewRootImpl.-$$Nest$mhandleResized:0 android.view.ViewRootImpl$ViewRootHandler.handleMessageImpl:7197 android.view.ViewRootImpl$ViewRootHandler.handleMessage:7166 android.os.Handler.dispatchMessage:106 
09-17 18:19:13.966  8112  8112 I ViewRootImpl@bdf564[MainActivity]: onDisplayChanged oldDisplayState=2 newDisplayState=2
09-17 18:19:13.967  8112  8112 I InsetsController: onStateChanged: host=com.locatemy.crimeqa/com.locatemy.app.MainActivity, from=android.view.ViewRootImpl$ViewRootHandler.handleMessageImpl:7196, state=InsetsState: {mDisplayFrame=Rect(0, 0 - 1080, 2400), mDisplayCutout=DisplayCutout{insets=Rect(0, 88 - 0, 0) waterfall=Insets{left=0, top=0, right=0, bottom=0} boundingRect={Bounds=[Rect(0, 0 - 0, 0), Rect(512, 0 - 568, 88), Rect(0, 0 - 0, 0), Rect(0, 0 - 0, 0)]} cutoutPathParserInfo={CutoutPathParserInfo{displayWidth=1080 displayHeight=2400 physicalDisplayWidth=1080 physicalDisplayHeight=2400 density={2.8125} cutoutSpec={M 0,0 M 0,11.43427858034597 a 9.899054752987353,9.899054752987353 0 1,0 0,19.79810950597471 a 9.899054752987353,9.899054752987353 0 1,0 0,-19.79810950597471 Z @dp} rotation={0} scale={1.0} physicalPixelDisplaySizeRatio={1.0}}}}, mRoundedCorners=RoundedCorners{[RoundedCorner{position=TopLeft, radius=0, center=Point(0, 0)}, RoundedCorner{position=TopRight, radius=0, center=Point(0, 0)}, RoundedCorner{position=BottomRight, radius=0, center=Point(0, 0)}, RoundedCorner{position=BottomLeft, radius=0, center=Point(0, 0)}]}  mRoundedCornerFrame=Rect(0, 0 - 1080, 2400), mPrivacyIndicatorBounds=PrivacyIndicatorBounds {static bounds=Rect(956, 0 - 1080, 88) rotation=0}, mDisplayShape=DisplayShape{ spec=-311912193 displayWidth=1080 displayHeight=2400 physicalPixelDisplaySizeRatio=1.0 rotation=0 offsetX=0 offsetY=0 scale=1.0}, mSources= { InsetsSource: {3 mType=ime mFrame=[0,0][0,0] mVisible=false mFlags=[]}, InsetsSource: {27 mType=displayCutout mFrame=[0,0][1080,88] mVisible=true mFlags=[]}, InsetsSource: {23820000 mType=statusBars mFrame=[0,0][1080,88] mVisible=true mFlags=[]}, InsetsSource: {23820005 mType=mandatorySystemGestures mFrame=[0,0][1080,122] mVisible=true mFlags=[]}, InsetsSource: {23820006 mType=tappableElement mFrame=[0,0][1080,88] mVisible=true mFlags=[]}, InsetsSource: {37b40001 mType=navigationBars mFrame=[0,0][0,0] mVisible=false mFlags=[]}, InsetsSource: {37b40004 mType=systemGestures mFrame=[0,0][0,0] mVisible=false mFlags=[]}, InsetsSource: {37b40005 mType=mandatorySystemGestures mFrame=[0,0][0,0] mVisible=false mFlags=[]}, InsetsSource: {37b40006 mType=tappableElement mFrame=[0,0][0,0] mVisible=false mFlags=[]}, InsetsSource: {37b40024 mType=systemGestures mFrame=[0,0][0,0] mVisible=false mFlags=[]} }
09-17 18:19:13.967  8112  8112 I ViewRootImpl@bdf564[MainActivity]: handleResized, msg = 5 frames=ClientWindowFrames{frame=[0,0][1080,2400] display=[0,0][1080,2400] parentFrame=[0,0][0,0]} forceNextWindowRelayout=false displayId=0 dragResizing=false compatScale=1.0 frameChanged=false attachedFrameChanged=false configChanged=false displayChanged=false compatScaleChanged=false
09-17 18:19:13.967  8112  8112 I ViewRootImpl@bdf564[MainActivity]: handleResized mSyncSeqId = 0
09-17 18:19:13.967  8112  8112 D ViewRootImpl@bdf564[MainActivity]: reportNextDraw android.view.ViewRootImpl.handleResized:2530 android.view.ViewRootImpl.-$$Nest$mhandleResized:0 android.view.ViewRootImpl$ViewRootHandler.handleMessageImpl:7197 android.view.ViewRootImpl$ViewRootHandler.handleMessage:7166 android.os.Handler.dispatchMessage:106 
09-17 18:19:13.967  8112  8112 I ViewRootImpl@bdf564[MainActivity]: onDisplayChanged oldDisplayState=2 newDisplayState=2
09-17 18:19:13.969  8112  8112 I InsetsController: onStateChanged: host=com.locatemy.crimeqa/com.locatemy.app.MainActivity, from=android.view.ViewRootImpl$ViewRootHandler.handleMessageImpl:7209, state=InsetsState: {mDisplayFrame=Rect(0, 0 - 1080, 2400), mDisplayCutout=DisplayCutout{insets=Rect(0, 88 - 0, 0) waterfall=Insets{left=0, top=0, right=0, bottom=0} boundingRect={Bounds=[Rect(0, 0 - 0, 0), Rect(512, 0 - 568, 88), Rect(0, 0 - 0, 0), Rect(0, 0 - 0, 0)]} cutoutPathParserInfo={CutoutPathParserInfo{displayWidth=1080 displayHeight=2400 physicalDisplayWidth=1080 physicalDisplayHeight=2400 density={2.8125} cutoutSpec={M 0,0 M 0,11.43427858034597 a 9.899054752987353,9.899054752987353 0 1,0 0,19.79810950597471 a 9.899054752987353,9.899054752987353 0 1,0 0,-19.79810950597471 Z @dp} rotation={0} scale={1.0} physicalPixelDisplaySizeRatio={1.0}}}}, mRoundedCorners=RoundedCorners{[RoundedCorner{position=TopLeft, radius=0, center=Point(0, 0)}, RoundedCorner{position=TopRight, radius=0, center=Point(0, 0)}, RoundedCorner{position=BottomRight, radius=0, center=Point(0, 0)}, RoundedCorner{position=BottomLeft, radius=0, center=Point(0, 0)}]}  mRoundedCornerFrame=Rect(0, 0 - 1080, 2400), mPrivacyIndicatorBounds=PrivacyIndicatorBounds {static bounds=Rect(956, 0 - 1080, 88) rotation=0}, mDisplayShape=DisplayShape{ spec=-311912193 displayWidth=1080 displayHeight=2400 physicalPixelDisplaySizeRatio=1.0 rotation=0 offsetX=0 offsetY=0 scale=1.0}, mSources= { InsetsSource: {3 mType=ime mFrame=[0,0][0,0] mVisible=false mFlags=[]}, InsetsSource: {27 mType=displayCutout mFrame=[0,0][1080,88] mVisible=true mFlags=[]}, InsetsSource: {23820000 mType=statusBars mFrame=[0,0][1080,88] mVisible=true mFlags=[]}, InsetsSource: {23820005 mType=mandatorySystemGestures mFrame=[0,0][1080,122] mVisible=true mFlags=[]}, InsetsSource: {23820006 mType=tappableElement mFrame=[0,0][1080,88] mVisible=true mFlags=[]}, InsetsSource: {37b40001 mType=navigationBars mFrame=[0,0][0,0] mVisible=false mFlags=[]}, InsetsSource: {37b40004 mType=systemGestures mFrame=[0,0][0,0] mVisible=false mFlags=[]}, InsetsSource: {37b40005 mType=mandatorySystemGestures mFrame=[0,0][0,0] mVisible=false mFlags=[]}, InsetsSource: {37b40006 mType=tappableElement mFrame=[0,0][0,0] mVisible=false mFlags=[]}, InsetsSource: {37b40024 mType=systemGestures mFrame=[0,0][0,0] mVisible=false mFlags=[]} }
09-17 18:19:13.969  8112  8112 I InsetsSourceConsumer: applyRequestedVisibilityToControl: visible=true, type=navigationBars, host=com.locatemy.crimeqa/com.locatemy.app.MainActivity
09-17 18:19:13.970  8112  8112 I ViewRootImpl@bdf564[MainActivity]: handleResized, msg = 5 frames=ClientWindowFrames{frame=[0,0][1080,2400] display=[0,0][1080,2400] parentFrame=[0,0][0,0]} forceNextWindowRelayout=false displayId=0 dragResizing=false compatScale=1.0 frameChanged=false attachedFrameChanged=false configChanged=true displayChanged=false compatScaleChanged=false
09-17 18:19:13.970  8112  8112 I ViewRootImpl@bdf564[MainActivity]: handleResized mSyncSeqId = 0
09-17 18:19:13.970  8112  8112 D ViewRootImpl@bdf564[MainActivity]: reportNextDraw android.view.ViewRootImpl.handleResized:2530 android.view.ViewRootImpl.-$$Nest$mhandleResized:0 android.view.ViewRootImpl$ViewRootHandler.handleMessageImpl:7197 android.view.ViewRootImpl$ViewRootHandler.handleMessage:7166 android.os.Handler.dispatchMessage:106 
09-17 18:19:13.971  8112  8112 I InsetsController: onStateChanged: host=com.locatemy.crimeqa/com.locatemy.app.MainActivity, from=android.view.ViewRootImpl$ViewRootHandler.handleMessageImpl:7209, state=InsetsState: {mDisplayFrame=Rect(0, 0 - 1080, 2400), mDisplayCutout=DisplayCutout{insets=Rect(0, 88 - 0, 0) waterfall=Insets{left=0, top=0, right=0, bottom=0} boundingRect={Bounds=[Rect(0, 0 - 0, 0), Rect(512, 0 - 568, 88), Rect(0, 0 - 0, 0), Rect(0, 0 - 0, 0)]} cutoutPathParserInfo={CutoutPathParserInfo{displayWidth=1080 displayHeight=2400 physicalDisplayWidth=1080 physicalDisplayHeight=2400 density={2.8125} cutoutSpec={M 0,0 M 0,11.43427858034597 a 9.899054752987353,9.899054752987353 0 1,0 0,19.79810950597471 a 9.899054752987353,9.899054752987353 0 1,0 0,-19.79810950597471 Z @dp} rotation={0} scale={1.0} physicalPixelDisplaySizeRatio={1.0}}}}, mRoundedCorners=RoundedCorners{[RoundedCorner{position=TopLeft, radius=0, center=Point(0, 0)}, RoundedCorner{position=TopRight, radius=0, center=Point(0, 0)}, RoundedCorner{position=BottomRight, radius=0, center=Point(0, 0)}, RoundedCorner{position=BottomLeft, radius=0, center=Point(0, 0)}]}  mRoundedCornerFrame=Rect(0, 0 - 1080, 2400), mPrivacyIndicatorBounds=PrivacyIndicatorBounds {static bounds=Rect(956, 0 - 1080, 88) rotation=0}, mDisplayShape=DisplayShape{ spec=-311912193 displayWidth=1080 displayHeight=2400 physicalPixelDisplaySizeRatio=1.0 rotation=0 offsetX=0 offsetY=0 scale=1.0}, mSources= { InsetsSource: {d0a90001 mType=navigationBars mFrame=[0,0][0,0] mVisible=false mFlags=[]}, InsetsSource: {d0a90004 mType=systemGestures mFrame=[0,0][0,0] mVisible=false mFlags=[]}, InsetsSource: {d0a90005 mType=mandatorySystemGestures mFrame=[0,0][0,0] mVisible=false mFlags=[]}, InsetsSource: {d0a90006 mType=tappableElement mFrame=[0,0][0,0] mVisible=false mFlags=[]}, InsetsSource: {d0a90024 mType=systemGestures mFrame=[0,0][0,0] mVisible=false mFlags=[]}, InsetsSource: {3 mType=ime mFrame=[0,0][0,0] mVisible=false mFlags=[]}, InsetsSource: {27 mType=displayCutout mFrame=[0,0][1080,88] mVisible=true mFlags=[]}, InsetsSource: {23820000 mType=statusBars mFrame=[0,0][1080,88] mVisible=true mFlags=[]}, InsetsSource: {23820005 mType=mandatorySystemGestures mFrame=[0,0][1080,122] mVisible=true mFlags=[]}, InsetsSource: {23820006 mType=tappableElement mFrame=[0,0][1080,88] mVisible=true mFlags=[]} }
09-17 18:19:13.972  8112  8112 I InsetsSourceConsumer: applyRequestedVisibilityToControl: visible=true, type=navigationBars, host=com.locatemy.crimeqa/com.locatemy.app.MainActivity
09-17 18:19:13.973  8112  8112 D FlutterJNI: Sending viewport metrics to the engine.
09-17 18:19:13.974  8112  8112 D FlutterJNI: Sending viewport metrics to the engine.
09-17 18:19:13.975  8112  8112 I SurfaceView: 210290758 Changes: creating=false format=false size=true visible=false alpha=false hint=false visible=false left=false top=false z=false attached=true lifecycleStrategy=false
09-17 18:19:13.975  8112  8112 I SurfaceView@c88c846: 210290758 Cur surface: Surface(name=null)/@0x370aa30
09-17 18:19:13.975  8112  8112 I BLASTBufferQueue_Java: update, w= 1080 h= 2400 mName = null mNativeObject= 0xb400007153a2c070 sc.mNativeObject= 0xb4000070c3a22ed0 format= 4 caller= android.view.SurfaceView.setBufferSize:1438 android.view.SurfaceView.performSurfaceTransaction:994 android.view.SurfaceView.updateSurface:1210 android.view.SurfaceView.setFrame:559 android.view.View.layout:25765 android.widget.FrameLayout.layoutChildren:332 
09-17 18:19:13.976  8112  8112 I SurfaceView@c88c846: pST: sr = Rect(0, 0 - 1080, 2400) sw = 1080 sh = 2400
09-17 18:19:13.976  8112  8112 D SurfaceView@c88c846: 210290758 performSurfaceTransaction RenderWorker position = [0, 0, 1080, 2400] surfaceSize = 1080x2400
09-17 18:19:13.976  8112  8112 I SurfaceView@c88c846: updateSurface: mVisible = true mSurface.isValid() = true
09-17 18:19:13.976  8112  8112 I SurfaceView@c88c846: updateSurface: mSurfaceCreated = true surfaceChanged = false visibleChanged = false
09-17 18:19:13.976  8112  8112 I SurfaceView: 210290758 surfaceChanged -- format=4 w=1080 h=2400
09-17 18:19:13.976  8112  8112 I SurfaceView@c88c846: surfaceChanged (1080,2400) 1 #5 io.flutter.embedding.android.FlutterSurfaceView{c88c846 V.E...... ......ID 0,0-1080,2400}
09-17 18:19:13.978  8112  8112 I SurfaceView: 210290758 surfaceRedrawNeeded
09-17 18:19:13.978  8112  8112 I SurfaceView: 210290758 finishedDrawing
09-17 18:19:13.978  8112  8112 V SurfaceView@c88c846: Layout: x=0 y=0 w=1080 h=2400, frame=Rect(0, 0 - 1080, 2400)
09-17 18:19:13.979  8112  8112 I ViewRootImpl@bdf564[MainActivity]: Setup new sync=wmsSync-ViewRootImpl@bdf564[MainActivity]#8
09-17 18:19:13.979  8112  8112 I ViewRootImpl@bdf564[MainActivity]: Creating new active sync group ViewRootImpl@bdf564[MainActivity]#9
09-17 18:19:13.979  8112  8112 I ViewRootImpl@bdf564[MainActivity]: registerCallbacksForSync syncBuffer=false
09-17 18:19:13.980  8112  8159 D SurfaceView: 210290758 updateSurfacePosition RenderWorker, frameNr = 278, position = [0, 0, 1080, 2400] surfaceSize = 1080x2400
09-17 18:19:13.980  8112  8159 I SurfaceView@c88c846: uSP: rtp = Rect(0, 0 - 1080, 2400) rtsw = 1080 rtsh = 2400
09-17 18:19:13.980  8112  8159 I SurfaceView@c88c846: onSSPAndSRT: pl = 0 pt = 0 sx = 1.0 sy = 1.0
09-17 18:19:13.980  8112  8159 I SurfaceView@c88c846: aOrMT: ViewRootImpl@bdf564[MainActivity] t = android.view.SurfaceControl$Transaction@818ec4b fN = 278 android.view.SurfaceView.-$$Nest$mapplyOrMergeTransaction:0 android.view.SurfaceView$SurfaceViewPositionUpdateListener.positionChanged:1666 android.graphics.RenderNode$CompositePositionUpdateListener.positionChanged:369 
09-17 18:19:13.980  8112  8159 I ViewRootImpl@bdf564[MainActivity]: mWNT: t=0xb400007123a876b0 mBlastBufferQueue=0xb400007153a2b710 fn= 278 mRenderHdrSdrRatio=1.0 caller= android.view.SurfaceView.applyOrMergeTransaction:1598 android.view.SurfaceView.-$$Nest$mapplyOrMergeTransaction:0 android.view.SurfaceView$SurfaceViewPositionUpdateListener.positionChanged:1666 
09-17 18:19:13.981  8112  8557 I ViewRootImpl@bdf564[MainActivity]: mWNT: t=0xb400007123a89e90 mBlastBufferQueue=0xb400007153a2b710 fn= 278 mRenderHdrSdrRatio=1.0 caller= android.view.SyncRtSurfaceTransactionApplier.applyTransaction:96 android.view.SyncRtSurfaceTransactionApplier.lambda$scheduleApply$0:69 android.view.SyncRtSurfaceTransactionApplier.$r8$lambda$SgowXC58rj3PR958kHUfRgLZmvE:0 
09-17 18:19:13.981  8112  8557 I ViewRootImpl@bdf564[MainActivity]: Received frameDrawingCallback syncResult=0 frameNum=278.
09-17 18:19:13.981  8112  8557 I ViewRootImpl@bdf564[MainActivity]: mWNT: t=0xb400007123a9bc90 mBlastBufferQueue=0xb400007153a2b710 fn= 278 mRenderHdrSdrRatio=1.0 caller= android.view.ViewRootImpl$8.onFrameDraw:13841 android.view.ThreadedRenderer$1.onFrameDraw:792 <bottom of call stack> 
09-17 18:19:13.981  8112  8557 I ViewRootImpl@bdf564[MainActivity]: Setting up sync and frameCommitCallback
09-17 18:19:13.982  8112  8159 I ViewRootImpl@bdf564[MainActivity]: Received frameCommittedCallback lastAttemptedDrawFrameNum=278 didProduceBuffer=true
09-17 18:19:13.983  8112  8112 I ViewRootImpl@bdf564[MainActivity]: reportDrawFinished seqId=0
09-17 18:19:14.243  8112  8153 I ViewRootImpl@bdf564[MainActivity]: Resizing android.view.ViewRootImpl@8af20c2: frame = [0,0][1080,2400] reportDraw = false forceLayout = false syncSeqId = -1
09-17 18:19:14.244  8112  8112 I InsetsController: onStateChanged: host=com.locatemy.crimeqa/com.locatemy.app.MainActivity, from=android.view.ViewRootImpl$ViewRootHandler.handleMessageImpl:7209, state=InsetsState: {mDisplayFrame=Rect(0, 0 - 1080, 2400), mDisplayCutout=DisplayCutout{insets=Rect(0, 88 - 0, 0) waterfall=Insets{left=0, top=0, right=0, bottom=0} boundingRect={Bounds=[Rect(0, 0 - 0, 0), Rect(512, 0 - 568, 88), Rect(0, 0 - 0, 0), Rect(0, 0 - 0, 0)]} cutoutPathParserInfo={CutoutPathParserInfo{displayWidth=1080 displayHeight=2400 physicalDisplayWidth=1080 physicalDisplayHeight=2400 density={2.8125} cutoutSpec={M 0,0 M 0,11.43427858034597 a 9.899054752987353,9.899054752987353 0 1,0 0,19.79810950597471 a 9.899054752987353,9.899054752987353 0 1,0 0,-19.79810950597471 Z @dp} rotation={0} scale={1.0} physicalPixelDisplaySizeRatio={1.0}}}}, mRoundedCorners=RoundedCorners{[RoundedCorner{position=TopLeft, radius=0, center=Point(0, 0)}, RoundedCorner{position=TopRight, radius=0, center=Point(0, 0)}, RoundedCorner{position=BottomRight, radius=0, center=Point(0, 0)}, RoundedCorner{position=BottomLeft, radius=0, center=Point(0, 0)}]}  mRoundedCornerFrame=Rect(0, 0 - 1080, 2400), mPrivacyIndicatorBounds=PrivacyIndicatorBounds {static bounds=Rect(956, 0 - 1080, 88) rotation=0}, mDisplayShape=DisplayShape{ spec=-311912193 displayWidth=1080 displayHeight=2400 physicalPixelDisplaySizeRatio=1.0 rotation=0 offsetX=0 offsetY=0 scale=1.0}, mSources= { InsetsSource: {d0a90001 mType=navigationBars mFrame=[0,2265][1080,2400] mVisible=true mFlags=[]}, InsetsSource: {d0a90004 mType=systemGestures mFrame=[0,0][0,0] mVisible=true mFlags=[]}, InsetsSource: {d0a90005 mType=mandatorySystemGestures mFrame=[0,2265][1080,2400] mVisible=true mFlags=[]}, InsetsSource: {d0a90006 mType=tappableElement mFrame=[0,2265][1080,2400] mVisible=true mFlags=[]}, InsetsSource: {d0a90024 mType=systemGestures mFrame=[0,0][0,0] mVisible=true mFlags=[]}, InsetsSource: {3 mType=ime mFrame=[0,0][0,0] mVisible=false mFlags=[]}, InsetsSource: {27 mType=displayCutout mFrame=[0,0][1080,88] mVisible=true mFlags=[]}, InsetsSource: {23820000 mType=statusBars mFrame=[0,0][1080,88] mVisible=true mFlags=[]}, InsetsSource: {23820005 mType=mandatorySystemGestures mFrame=[0,0][1080,122] mVisible=true mFlags=[]}, InsetsSource: {23820006 mType=tappableElement mFrame=[0,0][1080,88] mVisible=true mFlags=[]} }
09-17 18:19:14.244  8112  8112 I InsetsSourceConsumer: applyRequestedVisibilityToControl: visible=true, type=navigationBars, host=com.locatemy.crimeqa/com.locatemy.app.MainActivity
09-17 18:19:14.246  8112  8112 I ViewRootImpl@bdf564[MainActivity]: handleResized, msg = 4 frames=ClientWindowFrames{frame=[0,0][1080,2400] display=[0,0][1080,2400] parentFrame=[0,0][0,0]} forceNextWindowRelayout=false displayId=0 dragResizing=false compatScale=1.0 frameChanged=false attachedFrameChanged=false configChanged=false displayChanged=false compatScaleChanged=false
09-17 18:19:14.247  8112  8112 D FlutterJNI: Sending viewport metrics to the engine.
09-17 18:19:14.248  8112  8112 D FlutterJNI: Sending viewport metrics to the engine.
09-17 18:19:14.248  8112  8112 I SurfaceView: 210290758 Changes: creating=false format=false size=true visible=false alpha=false hint=false visible=false left=false top=false z=false attached=true lifecycleStrategy=false
09-17 18:19:14.248  8112  8112 I SurfaceView@c88c846: 210290758 Cur surface: Surface(name=null)/@0x370aa30
09-17 18:19:14.249  8112  8112 I BLASTBufferQueue_Java: update, w= 1080 h= 2265 mName = null mNativeObject= 0xb400007153a2c070 sc.mNativeObject= 0xb4000070c3a22ed0 format= 4 caller= android.view.SurfaceView.setBufferSize:1438 android.view.SurfaceView.performSurfaceTransaction:994 android.view.SurfaceView.updateSurface:1210 android.view.SurfaceView.setFrame:559 android.view.View.layout:25765 android.widget.FrameLayout.layoutChildren:332 
09-17 18:19:14.249  8112  8112 I SurfaceView@c88c846: pST: sr = Rect(0, 0 - 1080, 2265) sw = 1080 sh = 2265
09-17 18:19:14.249  8112  8112 D SurfaceView@c88c846: 210290758 performSurfaceTransaction RenderWorker position = [0, 0, 1080, 2265] surfaceSize = 1080x2265
09-17 18:19:14.249  8112  8112 I SurfaceView@c88c846: updateSurface: mVisible = true mSurface.isValid() = true
09-17 18:19:14.249  8112  8112 I SurfaceView@c88c846: updateSurface: mSurfaceCreated = true surfaceChanged = false visibleChanged = false
09-17 18:19:14.249  8112  8112 I SurfaceView: 210290758 surfaceChanged -- format=4 w=1080 h=2265
09-17 18:19:14.249  8112  8112 I SurfaceView@c88c846: surfaceChanged (1080,2265) 1 #5 io.flutter.embedding.android.FlutterSurfaceView{c88c846 V.E...... ......ID 0,0-1080,2265}
09-17 18:19:14.250  8112  8112 I SurfaceView: 210290758 surfaceRedrawNeeded
09-17 18:19:14.250  8112  8112 I SurfaceView: 210290758 finishedDrawing
09-17 18:19:14.250  8112  8112 V SurfaceView@c88c846: Layout: x=0 y=0 w=1080 h=2265, frame=Rect(0, 0 - 1080, 2265)
09-17 18:19:14.251  8112  8112 I ViewRootImpl@bdf564[MainActivity]: registerCallbackForPendingTransactions
09-17 18:19:14.251  8112  8159 D SurfaceView: 210290758 updateSurfacePosition RenderWorker, frameNr = 279, position = [0, 0, 1080, 2265] surfaceSize = 1080x2265
09-17 18:19:14.251  8112  8159 I SurfaceView@c88c846: uSP: rtp = Rect(0, 0 - 1080, 2265) rtsw = 1080 rtsh = 2265
09-17 18:19:14.252  8112  8159 I SurfaceView@c88c846: onSSPAndSRT: pl = 0 pt = 0 sx = 1.0 sy = 1.0
09-17 18:19:14.252  8112  8159 I SurfaceView@c88c846: aOrMT: ViewRootImpl@bdf564[MainActivity] t = android.view.SurfaceControl$Transaction@1080227 fN = 279 android.view.SurfaceView.-$$Nest$mapplyOrMergeTransaction:0 android.view.SurfaceView$SurfaceViewPositionUpdateListener.positionChanged:1666 android.graphics.RenderNode$CompositePositionUpdateListener.positionChanged:369 
09-17 18:19:14.252  8112  8159 I ViewRootImpl@bdf564[MainActivity]: mWNT: t=0xb400007123a9f230 mBlastBufferQueue=0xb400007153a2b710 fn= 279 mRenderHdrSdrRatio=1.0 caller= android.view.SurfaceView.applyOrMergeTransaction:1598 android.view.SurfaceView.-$$Nest$mapplyOrMergeTransaction:0 android.view.SurfaceView$SurfaceViewPositionUpdateListener.positionChanged:1666 
09-17 18:19:14.252  8112  8558 I ViewRootImpl@bdf564[MainActivity]: mWNT: t=0xb400007123a90190 mBlastBufferQueue=0xb400007153a2b710 fn= 279 mRenderHdrSdrRatio=1.0 caller= android.view.ViewRootImpl$6.onFrameDraw:5635 android.view.ViewRootImpl$2.onFrameDraw:2146 android.view.ThreadedRenderer$1.onFrameDraw:792 
09-17 18:19:18.265  8112  8112 I flutter : {"event":"map.layer.completed","feature":"map_location","result":"success","duration_bucket":"10sOrMore","correlation_id":"map-16"}
09-17 18:19:18.266  8112  8112 I flutter : {"event":"facility.contributeLayer.completed","feature":"nearby_facilities","result":"success","duration_bucket":"10sOrMore","correlation_id":"facility-9"}
09-17 18:19:22.781  8112  8112 I ViewRootImpl@bdf564[MainActivity]: ViewPostIme pointer 0
09-17 18:19:23.129  8112  8112 I ViewRootImpl@bdf564[MainActivity]: ViewPostIme pointer 1
09-17 18:19:25.925  8112  8112 I ViewRootImpl@bdf564[MainActivity]: ViewPostIme pointer 0
09-17 18:19:25.928  8112  8112 I ViewRootImpl@bdf564[MainActivity]: ViewPostIme pointer 1
09-17 18:19:28.861  8112  8112 I ViewRootImpl@bdf564[MainActivity]: ViewPostIme pointer 0
09-17 18:19:29.211  8112  8112 I ViewRootImpl@bdf564[MainActivity]: ViewPostIme pointer 1
09-17 18:19:32.005  8112  8112 I ViewRootImpl@bdf564[MainActivity]: ViewPostIme pointer 0
09-17 18:19:32.355  8112  8112 I ViewRootImpl@bdf564[MainActivity]: ViewPostIme pointer 1
09-17 18:19:35.172  8112  8112 I ViewRootImpl@bdf564[MainActivity]: ViewPostIme pointer 0
09-17 18:19:35.519  8112  8112 I ViewRootImpl@bdf564[MainActivity]: ViewPostIme pointer 1
09-17 18:19:38.348  8112  8112 I ViewRootImpl@bdf564[MainActivity]: ViewPostIme pointer 0
09-17 18:19:38.695  8112  8112 I ViewRootImpl@bdf564[MainActivity]: ViewPostIme pointer 1
09-17 18:19:41.540  8112  8112 I ViewRootImpl@bdf564[MainActivity]: ViewPostIme pointer 0
09-17 18:19:41.888  8112  8112 I ViewRootImpl@bdf564[MainActivity]: ViewPostIme pointer 1
09-17 18:19:44.766  8112  8112 I ViewRootImpl@bdf564[MainActivity]: ViewPostIme pointer 0
09-17 18:19:45.115  8112  8112 I ViewRootImpl@bdf564[MainActivity]: ViewPostIme pointer 1
09-17 18:19:47.966  8112  8112 I ViewRootImpl@bdf564[MainActivity]: ViewPostIme pointer 0
09-17 18:19:48.313  8112  8112 I ViewRootImpl@bdf564[MainActivity]: ViewPostIme pointer 1
09-17 18:19:51.196  8112  8112 I ViewRootImpl@bdf564[MainActivity]: ViewPostIme pointer 0
09-17 18:19:51.544  8112  8112 I ViewRootImpl@bdf564[MainActivity]: ViewPostIme pointer 1
09-17 18:19:57.124  8112  8771 I ViewRootImpl@bdf564[MainActivity]: Resizing android.view.ViewRootImpl@8af20c2: frame = [0,0][1080,2400] reportDraw = true forceLayout = false syncSeqId = -1
09-17 18:19:57.136  8112  8112 I BLASTBufferQueue_Java: update, w= 1080 h= 2400 mName = ViewRootImpl@bdf564[MainActivity] mNativeObject= 0xb400007153a2b710 sc.mNativeObject= 0xb4000070c3a2acd0 format= -3 caller= android.view.ViewRootImpl.updateBlastSurfaceIfNeeded:3017 android.view.ViewRootImpl.relayoutWindow:10131 android.view.ViewRootImpl.performTraversals:4110 android.view.ViewRootImpl.doTraversal:3288 android.view.ViewRootImpl$TraversalRunnable.run:11344 android.view.Choreographer$CallbackRecord.run:1689 
09-17 18:19:57.137  8112  8112 I ViewRootImpl@bdf564[MainActivity]: Relayout returned: old=(0,0,1080,2400) new=(0,0,1080,2400) relayoutAsync=true req=(1080,2400)0 dur=0 res=0x0 s={true 0xb400006ff3a57210} ch=false seqId=0
09-17 18:19:57.137  8112  8112 I ViewRootImpl@bdf564[MainActivity]: updateBoundsLayer: t=android.view.SurfaceControl$Transaction@39d3eb7 sc=Surface(name=Bounds for - com.locatemy.crimeqa/com.locatemy.app.MainActivity@0)/@0xb99a624 frame=308
09-17 18:19:57.137  8112  8112 I ViewRootImpl@bdf564[MainActivity]: registerCallbackForPendingTransactions
09-17 18:19:57.137  8112  8112 I ViewRootImpl@bdf564[MainActivity]: ViewPostIme key 0
09-17 18:19:57.137  8112  8557 I ViewRootImpl@bdf564[MainActivity]: mWNT: t=0xb400007123a41770 mBlastBufferQueue=0xb400007153a2b710 fn= 308 mRenderHdrSdrRatio=1.0 caller= android.view.ViewRootImpl$6.onFrameDraw:5635 android.view.ViewRootImpl$2.onFrameDraw:2146 android.view.ThreadedRenderer$1.onFrameDraw:792 
09-17 18:19:57.138  8112  8159 I BLASTBufferQueue_Java: applyPendingTransactions, mName= ViewRootImpl@bdf564[MainActivity] mNativeObject= 0xb400007153a2b710 frameNumber= 308 caller= android.view.ViewRootImpl$6.lambda$onFrameDraw$0:5649 android.view.ViewRootImpl$6.$r8$lambda$9ThyGB6fC3mub7oMSjoAoWLhwMM:0 android.view.ViewRootImpl$6$$ExternalSyntheticLambda0.onFrameCommit:4 android.view.ThreadedRenderer$1.lambda$onFrameDraw$0:804 android.view.ThreadedRenderer$1$$ExternalSyntheticLambda0.onFrameCommit:2 <bottom of call stack> 
09-17 18:19:57.140  8112  8112 I ViewRootImpl@bdf564[MainActivity]: handleResized, msg = 5 frames=ClientWindowFrames{frame=[0,0][1080,2400] display=[0,0][1080,2400] parentFrame=[0,0][0,0]} forceNextWindowRelayout=false displayId=0 dragResizing=false compatScale=1.0 frameChanged=false attachedFrameChanged=false configChanged=true displayChanged=false compatScaleChanged=false
09-17 18:19:57.140  8112  8112 I ViewRootImpl@bdf564[MainActivity]: handleResized mSyncSeqId = 0
09-17 18:19:57.140  8112  8112 D ViewRootImpl@bdf564[MainActivity]: reportNextDraw android.view.ViewRootImpl.handleResized:2530 android.view.ViewRootImpl.-$$Nest$mhandleResized:0 android.view.ViewRootImpl$ViewRootHandler.handleMessageImpl:7197 android.view.ViewRootImpl$ViewRootHandler.handleMessage:7166 android.os.Handler.dispatchMessage:106 
09-17 18:19:57.141  8112  8112 I ViewRootImpl@bdf564[MainActivity]: Setup new sync=wmsSync-ViewRootImpl@bdf564[MainActivity]#11
09-17 18:19:57.141  8112  8112 I ViewRootImpl@bdf564[MainActivity]: Creating new active sync group ViewRootImpl@bdf564[MainActivity]#12
09-17 18:19:57.142  8112  8112 I ViewRootImpl@bdf564[MainActivity]: registerCallbacksForSync syncBuffer=false
09-17 18:19:57.142  8112  8558 I ViewRootImpl@bdf564[MainActivity]: Received frameDrawingCallback syncResult=0 frameNum=308.
09-17 18:19:57.142  8112  8558 I ViewRootImpl@bdf564[MainActivity]: mWNT: t=0xb400007123a36cf0 mBlastBufferQueue=0xb400007153a2b710 fn= 308 mRenderHdrSdrRatio=1.0 caller= android.view.ViewRootImpl$8.onFrameDraw:13841 android.view.ThreadedRenderer$1.onFrameDraw:792 <bottom of call stack> 
09-17 18:19:57.142  8112  8558 I ViewRootImpl@bdf564[MainActivity]: Setting up sync and frameCommitCallback
09-17 18:19:57.143  8112  8159 I ViewRootImpl@bdf564[MainActivity]: Received frameCommittedCallback lastAttemptedDrawFrameNum=308 didProduceBuffer=true
09-17 18:19:57.144  8112  8112 I ViewRootImpl@bdf564[MainActivity]: reportDrawFinished seqId=0
09-17 18:19:57.144  8112  8112 D Activity: onKeyDown(KEYCODE_BACK)
09-17 18:19:57.167  8112  8153 I ViewRootImpl@bdf564[MainActivity]: Resizing android.view.ViewRootImpl@8af20c2: frame = [0,0][1080,2400] reportDraw = true forceLayout = false syncSeqId = -1
09-17 18:19:57.174  8112  8148 I ViewRootImpl@bdf564[MainActivity]: Resizing android.view.ViewRootImpl@8af20c2: frame = [0,0][1080,2400] reportDraw = true forceLayout = false syncSeqId = -1
09-17 18:19:57.254  8112  8148 I ViewRootImpl@bdf564[MainActivity]: Resizing android.view.ViewRootImpl@8af20c2: frame = [0,0][1080,2400] reportDraw = true forceLayout = false syncSeqId = -1
09-17 18:19:57.360  8112  8112 I ViewRootImpl@bdf564[MainActivity]: handleResized, msg = 5 frames=ClientWindowFrames{frame=[0,0][1080,2400] display=[0,0][1080,2400] parentFrame=[0,0][0,0]} forceNextWindowRelayout=false displayId=0 dragResizing=false compatScale=1.0 frameChanged=false attachedFrameChanged=false configChanged=true displayChanged=false compatScaleChanged=false
09-17 18:19:57.361  8112  8112 I ViewRootImpl@bdf564[MainActivity]: handleResized mSyncSeqId = 0
09-17 18:19:57.361  8112  8112 D ViewRootImpl@bdf564[MainActivity]: reportNextDraw android.view.ViewRootImpl.handleResized:2530 android.view.ViewRootImpl.-$$Nest$mhandleResized:0 android.view.ViewRootImpl$ViewRootHandler.handleMessageImpl:7197 android.view.ViewRootImpl$ViewRootHandler.handleMessage:7166 android.os.Handler.dispatchMessage:106 
09-17 18:19:57.361  8112  8112 I ViewRootImpl@bdf564[MainActivity]: ViewPostIme key 1
09-17 18:19:57.369  8112  8112 I ViewRootImpl@bdf564[MainActivity]: onDisplayChanged oldDisplayState=2 newDisplayState=2
09-17 18:19:57.369  8112  8112 D Activity: onKeyUp(KEYCODE_BACK) isTracking()=true isCanceled()=false hasCallback=false
09-17 18:19:57.373  8112  8112 I InsetsController: onStateChanged: host=com.locatemy.crimeqa/com.locatemy.app.MainActivity, from=android.view.ViewRootImpl$ViewRootHandler.handleMessageImpl:7196, state=InsetsState: {mDisplayFrame=Rect(0, 0 - 1080, 2400), mDisplayCutout=DisplayCutout{insets=Rect(0, 88 - 0, 0) waterfall=Insets{left=0, top=0, right=0, bottom=0} boundingRect={Bounds=[Rect(0, 0 - 0, 0), Rect(512, 0 - 568, 88), Rect(0, 0 - 0, 0), Rect(0, 0 - 0, 0)]} cutoutPathParserInfo={CutoutPathParserInfo{displayWidth=1080 displayHeight=2400 physicalDisplayWidth=1080 physicalDisplayHeight=2400 density={2.8125} cutoutSpec={M 0,0 M 0,11.43427858034597 a 9.899054752987353,9.899054752987353 0 1,0 0,19.79810950597471 a 9.899054752987353,9.899054752987353 0 1,0 0,-19.79810950597471 Z @dp} rotation={0} scale={1.0} physicalPixelDisplaySizeRatio={1.0}}}}, mRoundedCorners=RoundedCorners{[RoundedCorner{position=TopLeft, radius=0, center=Point(0, 0)}, RoundedCorner{position=TopRight, radius=0, center=Point(0, 0)}, RoundedCorner{position=BottomRight, radius=0, center=Point(0, 0)}, RoundedCorner{position=BottomLeft, radius=0, center=Point(0, 0)}]}  mRoundedCornerFrame=Rect(0, 0 - 1080, 2400), mPrivacyIndicatorBounds=PrivacyIndicatorBounds {static bounds=Rect(956, 0 - 1080, 88) rotation=0}, mDisplayShape=DisplayShape{ spec=-311912193 displayWidth=1080 displayHeight=2400 physicalPixelDisplaySizeRatio=1.0 rotation=0 offsetX=0 offsetY=0 scale=1.0}, mSources= { InsetsSource: {d0a90001 mType=navigationBars mFrame=[0,0][0,0] mVisible=false mFlags=[]}, InsetsSource: {d0a90004 mType=systemGestures mFrame=[0,0][0,0] mVisible=false mFlags=[]}, InsetsSource: {d0a90005 mType=mandatorySystemGestures mFrame=[0,0][0,0] mVisible=false mFlags=[]}, InsetsSource: {d0a90006 mType=tappableElement mFrame=[0,0][0,0] mVisible=false mFlags=[]}, InsetsSource: {d0a90024 mType=systemGestures mFrame=[0,0][0,0] mVisible=false mFlags=[]}, InsetsSource: {3 mType=ime mFrame=[0,0][0,0] mVisible=false mFlags=[]}, InsetsSource: {27 mType=displayCutout mFrame=[0,0][1080,88] mVisible=true mFlags=[]}, InsetsSource: {23820000 mType=statusBars mFrame=[0,0][1080,88] mVisible=true mFlags=[]}, InsetsSource: {23820005 mType=mandatorySystemGestures mFrame=[0,0][1080,122] mVisible=true mFlags=[]}, InsetsSource: {23820006 mType=tappableElement mFrame=[0,0][1080,88] mVisible=true mFlags=[]} }
09-17 18:19:57.373  8112  8112 I ViewRootImpl@bdf564[MainActivity]: handleResized, msg = 5 frames=ClientWindowFrames{frame=[0,0][1080,2400] display=[0,0][1080,2400] parentFrame=[0,0][0,0]} forceNextWindowRelayout=false displayId=0 dragResizing=false compatScale=1.0 frameChanged=false attachedFrameChanged=false configChanged=false displayChanged=false compatScaleChanged=false
09-17 18:19:57.373  8112  8112 I ViewRootImpl@bdf564[MainActivity]: handleResized mSyncSeqId = 0
09-17 18:19:57.374  8112  8112 D ViewRootImpl@bdf564[MainActivity]: reportNextDraw android.view.ViewRootImpl.handleResized:2530 android.view.ViewRootImpl.-$$Nest$mhandleResized:0 android.view.ViewRootImpl$ViewRootHandler.handleMessageImpl:7197 android.view.ViewRootImpl$ViewRootHandler.handleMessage:7166 android.os.Handler.dispatchMessage:106 
09-17 18:19:57.374  8112  8112 I ViewRootImpl@bdf564[MainActivity]: onDisplayChanged oldDisplayState=2 newDisplayState=2
09-17 18:19:57.374  8112  8112 I InsetsController: onStateChanged: host=com.locatemy.crimeqa/com.locatemy.app.MainActivity, from=android.view.ViewRootImpl$ViewRootHandler.handleMessageImpl:7209, state=InsetsState: {mDisplayFrame=Rect(0, 0 - 1080, 2400), mDisplayCutout=DisplayCutout{insets=Rect(0, 88 - 0, 0) waterfall=Insets{left=0, top=0, right=0, bottom=0} boundingRect={Bounds=[Rect(0, 0 - 0, 0), Rect(512, 0 - 568, 88), Rect(0, 0 - 0, 0), Rect(0, 0 - 0, 0)]} cutoutPathParserInfo={CutoutPathParserInfo{displayWidth=1080 displayHeight=2400 physicalDisplayWidth=1080 physicalDisplayHeight=2400 density={2.8125} cutoutSpec={M 0,0 M 0,11.43427858034597 a 9.899054752987353,9.899054752987353 0 1,0 0,19.79810950597471 a 9.899054752987353,9.899054752987353 0 1,0 0,-19.79810950597471 Z @dp} rotation={0} scale={1.0} physicalPixelDisplaySizeRatio={1.0}}}}, mRoundedCorners=RoundedCorners{[RoundedCorner{position=TopLeft, radius=0, center=Point(0, 0)}, RoundedCorner{position=TopRight, radius=0, center=Point(0, 0)}, RoundedCorner{position=BottomRight, radius=0, center=Point(0, 0)}, RoundedCorner{position=BottomLeft, radius=0, center=Point(0, 0)}]}  mRoundedCornerFrame=Rect(0, 0 - 1080, 2400), mPrivacyIndicatorBounds=PrivacyIndicatorBounds {static bounds=Rect(956, 0 - 1080, 88) rotation=0}, mDisplayShape=DisplayShape{ spec=-311912193 displayWidth=1080 displayHeight=2400 physicalPixelDisplaySizeRatio=1.0 rotation=0 offsetX=0 offsetY=0 scale=1.0}, mSources= { InsetsSource: {d0a90001 mType=navigationBars mFrame=[0,0][0,0] mVisible=false mFlags=[]}, InsetsSource: {d0a90004 mType=systemGestures mFrame=[0,0][0,0] mVisible=false mFlags=[]}, InsetsSource: {d0a90005 mType=mandatorySystemGestures mFrame=[0,0][0,0] mVisible=false mFlags=[]}, InsetsSource: {d0a90006 mType=tappableElement mFrame=[0,0][0,0] mVisible=false mFlags=[]}, InsetsSource: {d0a90024 mType=systemGestures mFrame=[0,0][0,0] mVisible=false mFlags=[]}, InsetsSource: {3 mType=ime mFrame=[0,0][0,0] mVisible=false mFlags=[]}, InsetsSource: {27 mType=displayCutout mFrame=[0,0][1080,88] mVisible=true mFlags=[]}, InsetsSource: {23820000 mType=statusBars mFrame=[0,0][1080,88] mVisible=true mFlags=[]}, InsetsSource: {23820005 mType=mandatorySystemGestures mFrame=[0,0][1080,122] mVisible=true mFlags=[]}, InsetsSource: {23820006 mType=tappableElement mFrame=[0,0][1080,88] mVisible=true mFlags=[]} }
09-17 18:19:57.375  8112  8112 I InsetsSourceConsumer: applyRequestedVisibilityToControl: visible=true, type=navigationBars, host=com.locatemy.crimeqa/com.locatemy.app.MainActivity
09-17 18:19:57.376  8112  8112 I ViewRootImpl@bdf564[MainActivity]: handleResized, msg = 5 frames=ClientWindowFrames{frame=[0,0][1080,2400] display=[0,0][1080,2400] parentFrame=[0,0][0,0]} forceNextWindowRelayout=false displayId=0 dragResizing=false compatScale=1.0 frameChanged=false attachedFrameChanged=false configChanged=true displayChanged=false compatScaleChanged=false
09-17 18:19:57.376  8112  8112 I ViewRootImpl@bdf564[MainActivity]: handleResized mSyncSeqId = 0
09-17 18:19:57.376  8112  8112 D ViewRootImpl@bdf564[MainActivity]: reportNextDraw android.view.ViewRootImpl.handleResized:2530 android.view.ViewRootImpl.-$$Nest$mhandleResized:0 android.view.ViewRootImpl$ViewRootHandler.handleMessageImpl:7197 android.view.ViewRootImpl$ViewRootHandler.handleMessage:7166 android.os.Handler.dispatchMessage:106 
09-17 18:19:57.376  8112  8112 I InsetsController: onStateChanged: host=com.locatemy.crimeqa/com.locatemy.app.MainActivity, from=android.view.ViewRootImpl$ViewRootHandler.handleMessageImpl:7209, state=InsetsState: {mDisplayFrame=Rect(0, 0 - 1080, 2400), mDisplayCutout=DisplayCutout{insets=Rect(0, 88 - 0, 0) waterfall=Insets{left=0, top=0, right=0, bottom=0} boundingRect={Bounds=[Rect(0, 0 - 0, 0), Rect(512, 0 - 568, 88), Rect(0, 0 - 0, 0), Rect(0, 0 - 0, 0)]} cutoutPathParserInfo={CutoutPathParserInfo{displayWidth=1080 displayHeight=2400 physicalDisplayWidth=1080 physicalDisplayHeight=2400 density={2.8125} cutoutSpec={M 0,0 M 0,11.43427858034597 a 9.899054752987353,9.899054752987353 0 1,0 0,19.79810950597471 a 9.899054752987353,9.899054752987353 0 1,0 0,-19.79810950597471 Z @dp} rotation={0} scale={1.0} physicalPixelDisplaySizeRatio={1.0}}}}, mRoundedCorners=RoundedCorners{[RoundedCorner{position=TopLeft, radius=0, center=Point(0, 0)}, RoundedCorner{position=TopRight, radius=0, center=Point(0, 0)}, RoundedCorner{position=BottomRight, radius=0, center=Point(0, 0)}, RoundedCorner{position=BottomLeft, radius=0, center=Point(0, 0)}]}  mRoundedCornerFrame=Rect(0, 0 - 1080, 2400), mPrivacyIndicatorBounds=PrivacyIndicatorBounds {static bounds=Rect(956, 0 - 1080, 88) rotation=0}, mDisplayShape=DisplayShape{ spec=-311912193 displayWidth=1080 displayHeight=2400 physicalPixelDisplaySizeRatio=1.0 rotation=0 offsetX=0 offsetY=0 scale=1.0}, mSources= { InsetsSource: {3 mType=ime mFrame=[0,0][0,0] mVisible=false mFlags=[]}, InsetsSource: {27 mType=displayCutout mFrame=[0,0][1080,88] mVisible=true mFlags=[]}, InsetsSource: {23820000 mType=statusBars mFrame=[0,0][1080,88] mVisible=true mFlags=[]}, InsetsSource: {23820005 mType=mandatorySystemGestures mFrame=[0,0][1080,122] mVisible=true mFlags=[]}, InsetsSource: {23820006 mType=tappableElement mFrame=[0,0][1080,88] mVisible=true mFlags=[]}, InsetsSource: {50760001 mType=navigationBars mFrame=[0,0][0,0] mVisible=false mFlags=[]}, InsetsSource: {50760004 mType=systemGestures mFrame=[0,0][0,0] mVisible=false mFlags=[]}, InsetsSource: {50760005 mType=mandatorySystemGestures mFrame=[0,0][0,0] mVisible=false mFlags=[]}, InsetsSource: {50760006 mType=tappableElement mFrame=[0,0][0,0] mVisible=false mFlags=[]}, InsetsSource: {50760024 mType=systemGestures mFrame=[0,0][0,0] mVisible=false mFlags=[]} }
09-17 18:19:57.377  8112  8112 I InsetsSourceConsumer: applyRequestedVisibilityToControl: visible=true, type=navigationBars, host=com.locatemy.crimeqa/com.locatemy.app.MainActivity
09-17 18:19:57.377  8112  8112 D FlutterJNI: Sending viewport metrics to the engine.
09-17 18:19:57.378  8112  8112 D FlutterJNI: Sending viewport metrics to the engine.
09-17 18:19:57.378  8112  8112 I SurfaceView: 210290758 Changes: creating=false format=false size=true visible=false alpha=false hint=false visible=false left=false top=false z=false attached=true lifecycleStrategy=false
09-17 18:19:57.379  8112  8112 I SurfaceView@c88c846: 210290758 Cur surface: Surface(name=null)/@0x370aa30
09-17 18:19:57.379  8112  8112 I BLASTBufferQueue_Java: update, w= 1080 h= 2400 mName = null mNativeObject= 0xb400007153a2c070 sc.mNativeObject= 0xb4000070c3a22ed0 format= 4 caller= android.view.SurfaceView.setBufferSize:1438 android.view.SurfaceView.performSurfaceTransaction:994 android.view.SurfaceView.updateSurface:1210 android.view.SurfaceView.setFrame:559 android.view.View.layout:25765 android.widget.FrameLayout.layoutChildren:332 
09-17 18:19:57.379  8112  8112 I SurfaceView@c88c846: pST: sr = Rect(0, 0 - 1080, 2400) sw = 1080 sh = 2400
09-17 18:19:57.379  8112  8112 D SurfaceView@c88c846: 210290758 performSurfaceTransaction RenderWorker position = [0, 0, 1080, 2400] surfaceSize = 1080x2400
09-17 18:19:57.379  8112  8112 I SurfaceView@c88c846: updateSurface: mVisible = true mSurface.isValid() = true
09-17 18:19:57.379  8112  8112 I SurfaceView@c88c846: updateSurface: mSurfaceCreated = true surfaceChanged = false visibleChanged = false
09-17 18:19:57.379  8112  8112 I SurfaceView: 210290758 surfaceChanged -- format=4 w=1080 h=2400
09-17 18:19:57.379  8112  8112 I SurfaceView@c88c846: surfaceChanged (1080,2400) 1 #5 io.flutter.embedding.android.FlutterSurfaceView{c88c846 V.E...... ......ID 0,0-1080,2400}
09-17 18:19:57.381  8112  8112 I SurfaceView: 210290758 surfaceRedrawNeeded
09-17 18:19:57.381  8112  8112 I SurfaceView: 210290758 finishedDrawing
09-17 18:19:57.381  8112  8112 V SurfaceView@c88c846: Layout: x=0 y=0 w=1080 h=2400, frame=Rect(0, 0 - 1080, 2400)
09-17 18:19:57.381  8112  8112 I ViewRootImpl@bdf564[MainActivity]: Setup new sync=wmsSync-ViewRootImpl@bdf564[MainActivity]#14
09-17 18:19:57.381  8112  8112 I ViewRootImpl@bdf564[MainActivity]: Creating new active sync group ViewRootImpl@bdf564[MainActivity]#15
09-17 18:19:57.382  8112  8112 I ViewRootImpl@bdf564[MainActivity]: registerCallbacksForSync syncBuffer=false
09-17 18:19:57.383  8112  8159 D SurfaceView: 210290758 updateSurfacePosition RenderWorker, frameNr = 309, position = [0, 0, 1080, 2400] surfaceSize = 1080x2400
09-17 18:19:57.383  8112  8159 I SurfaceView@c88c846: uSP: rtp = Rect(0, 0 - 1080, 2400) rtsw = 1080 rtsh = 2400
09-17 18:19:57.383  8112  8159 I SurfaceView@c88c846: onSSPAndSRT: pl = 0 pt = 0 sx = 1.0 sy = 1.0
09-17 18:19:57.383  8112  8159 I SurfaceView@c88c846: aOrMT: ViewRootImpl@bdf564[MainActivity] t = android.view.SurfaceControl$Transaction@b12b2af fN = 309 android.view.SurfaceView.-$$Nest$mapplyOrMergeTransaction:0 android.view.SurfaceView$SurfaceViewPositionUpdateListener.positionChanged:1666 android.graphics.RenderNode$CompositePositionUpdateListener.positionChanged:369 
09-17 18:19:57.383  8112  8159 I ViewRootImpl@bdf564[MainActivity]: mWNT: t=0xb400007123a89bd0 mBlastBufferQueue=0xb400007153a2b710 fn= 309 mRenderHdrSdrRatio=1.0 caller= android.view.SurfaceView.applyOrMergeTransaction:1598 android.view.SurfaceView.-$$Nest$mapplyOrMergeTransaction:0 android.view.SurfaceView$SurfaceViewPositionUpdateListener.positionChanged:1666 
09-17 18:19:57.384  8112  8557 I ViewRootImpl@bdf564[MainActivity]: mWNT: t=0xb400007123a6e3d0 mBlastBufferQueue=0xb400007153a2b710 fn= 309 mRenderHdrSdrRatio=1.0 caller= android.view.SyncRtSurfaceTransactionApplier.applyTransaction:96 android.view.SyncRtSurfaceTransactionApplier.lambda$scheduleApply$0:69 android.view.SyncRtSurfaceTransactionApplier.$r8$lambda$SgowXC58rj3PR958kHUfRgLZmvE:0 
09-17 18:19:57.384  8112  8557 I ViewRootImpl@bdf564[MainActivity]: Received frameDrawingCallback syncResult=0 frameNum=309.
09-17 18:19:57.384  8112  8557 I ViewRootImpl@bdf564[MainActivity]: mWNT: t=0xb400007123a11c50 mBlastBufferQueue=0xb400007153a2b710 fn= 309 mRenderHdrSdrRatio=1.0 caller= android.view.ViewRootImpl$8.onFrameDraw:13841 android.view.ThreadedRenderer$1.onFrameDraw:792 <bottom of call stack> 
09-17 18:19:57.384  8112  8557 I ViewRootImpl@bdf564[MainActivity]: Setting up sync and frameCommitCallback
09-17 18:19:57.385  8112  8159 I ViewRootImpl@bdf564[MainActivity]: Received frameCommittedCallback lastAttemptedDrawFrameNum=309 didProduceBuffer=true
09-17 18:19:57.385  8112  8112 I ViewRootImpl@bdf564[MainActivity]: reportDrawFinished seqId=0
09-17 18:19:57.600  8112  8771 I ViewRootImpl@bdf564[MainActivity]: Resizing android.view.ViewRootImpl@8af20c2: frame = [0,0][1080,2400] reportDraw = false forceLayout = false syncSeqId = -1
09-17 18:19:57.600  8112  8112 I InsetsController: onStateChanged: host=com.locatemy.crimeqa/com.locatemy.app.MainActivity, from=android.view.ViewRootImpl$ViewRootHandler.handleMessageImpl:7209, state=InsetsState: {mDisplayFrame=Rect(0, 0 - 1080, 2400), mDisplayCutout=DisplayCutout{insets=Rect(0, 88 - 0, 0) waterfall=Insets{left=0, top=0, right=0, bottom=0} boundingRect={Bounds=[Rect(0, 0 - 0, 0), Rect(512, 0 - 568, 88), Rect(0, 0 - 0, 0), Rect(0, 0 - 0, 0)]} cutoutPathParserInfo={CutoutPathParserInfo{displayWidth=1080 displayHeight=2400 physicalDisplayWidth=1080 physicalDisplayHeight=2400 density={2.8125} cutoutSpec={M 0,0 M 0,11.43427858034597 a 9.899054752987353,9.899054752987353 0 1,0 0,19.79810950597471 a 9.899054752987353,9.899054752987353 0 1,0 0,-19.79810950597471 Z @dp} rotation={0} scale={1.0} physicalPixelDisplaySizeRatio={1.0}}}}, mRoundedCorners=RoundedCorners{[RoundedCorner{position=TopLeft, radius=0, center=Point(0, 0)}, RoundedCorner{position=TopRight, radius=0, center=Point(0, 0)}, RoundedCorner{position=BottomRight, radius=0, center=Point(0, 0)}, RoundedCorner{position=BottomLeft, radius=0, center=Point(0, 0)}]}  mRoundedCornerFrame=Rect(0, 0 - 1080, 2400), mPrivacyIndicatorBounds=PrivacyIndicatorBounds {static bounds=Rect(956, 0 - 1080, 88) rotation=0}, mDisplayShape=DisplayShape{ spec=-311912193 displayWidth=1080 displayHeight=2400 physicalPixelDisplaySizeRatio=1.0 rotation=0 offsetX=0 offsetY=0 scale=1.0}, mSources= { InsetsSource: {3 mType=ime mFrame=[0,0][0,0] mVisible=false mFlags=[]}, InsetsSource: {27 mType=displayCutout mFrame=[0,0][1080,88] mVisible=true mFlags=[]}, InsetsSource: {23820000 mType=statusBars mFrame=[0,0][1080,88] mVisible=true mFlags=[]}, InsetsSource: {23820005 mType=mandatorySystemGestures mFrame=[0,0][1080,122] mVisible=true mFlags=[]}, InsetsSource: {23820006 mType=tappableElement mFrame=[0,0][1080,88] mVisible=true mFlags=[]}, InsetsSource: {50760001 mType=navigationBars mFrame=[0,2265][1080,2400] mVisible=true mFlags=[]}, InsetsSource: {50760004 mType=systemGestures mFrame=[0,0][0,0] mVisible=true mFlags=[]}, InsetsSource: {50760005 mType=mandatorySystemGestures mFrame=[0,2265][1080,2400] mVisible=true mFlags=[]}, InsetsSource: {50760006 mType=tappableElement mFrame=[0,2265][1080,2400] mVisible=true mFlags=[]}, InsetsSource: {50760024 mType=systemGestures mFrame=[0,0][0,0] mVisible=true mFlags=[]} }
09-17 18:19:57.601  8112  8112 I InsetsSourceConsumer: applyRequestedVisibilityToControl: visible=true, type=navigationBars, host=com.locatemy.crimeqa/com.locatemy.app.MainActivity
09-17 18:19:57.602  8112  8112 I ViewRootImpl@bdf564[MainActivity]: handleResized, msg = 4 frames=ClientWindowFrames{frame=[0,0][1080,2400] display=[0,0][1080,2400] parentFrame=[0,0][0,0]} forceNextWindowRelayout=false displayId=0 dragResizing=false compatScale=1.0 frameChanged=false attachedFrameChanged=false configChanged=false displayChanged=false compatScaleChanged=false
09-17 18:19:57.605  8112  8112 D FlutterJNI: Sending viewport metrics to the engine.
09-17 18:19:57.605  8112  8112 D FlutterJNI: Sending viewport metrics to the engine.
09-17 18:19:57.606  8112  8112 I SurfaceView: 210290758 Changes: creating=false format=false size=true visible=false alpha=false hint=false visible=false left=false top=false z=false attached=true lifecycleStrategy=false
09-17 18:19:57.606  8112  8112 I SurfaceView@c88c846: 210290758 Cur surface: Surface(name=null)/@0x370aa30
09-17 18:19:57.606  8112  8112 I BLASTBufferQueue_Java: update, w= 1080 h= 2265 mName = null mNativeObject= 0xb400007153a2c070 sc.mNativeObject= 0xb4000070c3a22ed0 format= 4 caller= android.view.SurfaceView.setBufferSize:1438 android.view.SurfaceView.performSurfaceTransaction:994 android.view.SurfaceView.updateSurface:1210 android.view.SurfaceView.setFrame:559 android.view.View.layout:25765 android.widget.FrameLayout.layoutChildren:332 
09-17 18:19:57.606  8112  8112 I SurfaceView@c88c846: pST: sr = Rect(0, 0 - 1080, 2265) sw = 1080 sh = 2265
09-17 18:19:57.607  8112  8112 D SurfaceView@c88c846: 210290758 performSurfaceTransaction RenderWorker position = [0, 0, 1080, 2265] surfaceSize = 1080x2265
09-17 18:19:57.607  8112  8112 I SurfaceView@c88c846: updateSurface: mVisible = true mSurface.isValid() = true
09-17 18:19:57.607  8112  8112 I SurfaceView@c88c846: updateSurface: mSurfaceCreated = true surfaceChanged = false visibleChanged = false
09-17 18:19:57.607  8112  8112 I SurfaceView: 210290758 surfaceChanged -- format=4 w=1080 h=2265
09-17 18:19:57.607  8112  8112 I SurfaceView@c88c846: surfaceChanged (1080,2265) 1 #5 io.flutter.embedding.android.FlutterSurfaceView{c88c846 V.E...... ......ID 0,0-1080,2265}
09-17 18:19:57.608  8112  8112 I SurfaceView: 210290758 surfaceRedrawNeeded
09-17 18:19:57.608  8112  8112 I SurfaceView: 210290758 finishedDrawing
09-17 18:19:57.608  8112  8112 V SurfaceView@c88c846: Layout: x=0 y=0 w=1080 h=2265, frame=Rect(0, 0 - 1080, 2265)
09-17 18:19:57.609  8112  8112 I ViewRootImpl@bdf564[MainActivity]: registerCallbackForPendingTransactions
09-17 18:19:57.609  8112  8159 D SurfaceView: 210290758 updateSurfacePosition RenderWorker, frameNr = 310, position = [0, 0, 1080, 2265] surfaceSize = 1080x2265
09-17 18:19:57.609  8112  8159 I SurfaceView@c88c846: uSP: rtp = Rect(0, 0 - 1080, 2265) rtsw = 1080 rtsh = 2265
09-17 18:19:57.609  8112  8159 I SurfaceView@c88c846: onSSPAndSRT: pl = 0 pt = 0 sx = 1.0 sy = 1.0
09-17 18:19:57.609  8112  8159 I SurfaceView@c88c846: aOrMT: ViewRootImpl@bdf564[MainActivity] t = android.view.SurfaceControl$Transaction@b61cacb fN = 310 android.view.SurfaceView.-$$Nest$mapplyOrMergeTransaction:0 android.view.SurfaceView$SurfaceViewPositionUpdateListener.positionChanged:1666 android.graphics.RenderNode$CompositePositionUpdateListener.positionChanged:369 
09-17 18:19:57.609  8112  8159 I ViewRootImpl@bdf564[MainActivity]: mWNT: t=0xb400007123a10e90 mBlastBufferQueue=0xb400007153a2b710 fn= 310 mRenderHdrSdrRatio=1.0 caller= android.view.SurfaceView.applyOrMergeTransaction:1598 android.view.SurfaceView.-$$Nest$mapplyOrMergeTransaction:0 android.view.SurfaceView$SurfaceViewPositionUpdateListener.positionChanged:1666 
09-17 18:19:57.610  8112  8558 I ViewRootImpl@bdf564[MainActivity]: mWNT: t=0xb400007123a7c970 mBlastBufferQueue=0xb400007153a2b710 fn= 310 mRenderHdrSdrRatio=1.0 caller= android.view.ViewRootImpl$6.onFrameDraw:5635 android.view.ViewRootImpl$2.onFrameDraw:2146 android.view.ThreadedRenderer$1.onFrameDraw:792 
09-17 18:19:58.293  8112  8112 I ViewRootImpl@bdf564[MainActivity]: ViewPostIme key 0
09-17 18:19:58.298  8112  8112 D Activity: onKeyDown(KEYCODE_BACK)
09-17 18:19:58.304  8112  8112 I ViewRootImpl@bdf564[MainActivity]: ViewPostIme key 1
09-17 18:19:58.309  8112  8112 D Activity: onKeyUp(KEYCODE_BACK) isTracking()=true isCanceled()=false hasCallback=false
09-17 18:20:01.476  8112  8112 I ViewRootImpl@bdf564[MainActivity]: ViewPostIme pointer 0
09-17 18:20:01.481  8112  8112 I ViewRootImpl@bdf564[MainActivity]: ViewPostIme pointer 1
09-17 18:20:04.483  8112  8112 I ViewRootImpl@bdf564[MainActivity]: ViewPostIme pointer 0
09-17 18:20:04.487  8112  8112 I ViewRootImpl@bdf564[MainActivity]: ViewPostIme pointer 1
09-17 18:20:07.452  8112  8112 I ViewRootImpl@bdf564[MainActivity]: ViewPostIme pointer 0
09-17 18:20:07.457  8112  8112 I ViewRootImpl@bdf564[MainActivity]: ViewPostIme pointer 1
09-17 18:20:07.463  8112  8112 I flutter : supabase.auth: INFO: Signing out user with scope: local 
